ID_ALUNO,ANO_INGRESSO,INDE,PEDRA,PONTO_VIRADA,ano
1,2018.0,7.88,Ametista,Não,2020
3,2018.0,7.86,Ametista,Não,2020
4,2022.0,5.08,Quartzo,Não,2020
5,2019.0,8.08,Ametista,Não,2020
8,2017.0,8.38,Ametista,Sim,2020
10,2019.0,5.16,Quartzo,Não,2020
11,2020.0,9.71,Topázio,Sim,2020
12,2017.0,5.84,Quartzo,Não,2020
14,2018.0,6.43,Ágata,Não,2020
15,2019.0,5.16,Quartzo,Não,2020
17,2018.0,7.77,Ametista,Não,2020
18,2017.0,7.21,Ágata,Não,2020
28,2018.0,9.35,Topázio,Sim,2020
30,2022.0,7.13,Ágata,Não,2020
33,2020.0,7.01,Ágata,Não,2020
34,2018.0,7.7,Ametista,Não,2020
35,2017.0,6.64,Ágata,Não,2020
36,2019.0,8.31,Ametista,Não,2020
37,2018.0,6.68,Ágata,Não,2020
39,2017.0,8.13,Ametista,Não,2020
41,2020.0,7.46,Ametista,Não,2020
43,2018.0,7.81,Ametista,Não,2020
44,2020.0,6.22,Ágata,Não,2020
45,2022.0,6.63,Ágata,Não,2020
46,2020.0,6.97,Ágata,Não,2020
51,2019.0,8.96,Topázio,Não,2020
52,2018.0,8.18,Ametista,Não,2020
55,2017.0,6.88,Ágata,Sim,2020
57,2018.0,7.31,Ametista,Não,2020
59,2020.0,6.56,Ágata,Não,2020
60,2016.0,7.68,Ametista,Não,2020
61,2020.0,5.6,Quartzo,Não,2020
62,2020.0,6.33,Ágata,Não,2020
68,2020.0,5.99,Quartzo,Não,2020
71,2019.0,7.55,Ametista,Não,2020
75,2019.0,9.69,Topázio,Sim,2020
76,2020.0,8.96,Topázio,Não,2020
78,2017.0,7.35,Ametista,Não,2020
80,2022.0,6.5,Ágata,Não,2020
81,2019.0,7.39,Ametista,Sim,2020
82,2020.0,7.95,Ametista,Não,2020
83,2016.0,8.16,Ametista,Sim,2020
84,2021.0,8.75,Topázio,Não,2020
85,2019.0,7.26,Ágata,Não,2020
86,2019.0,5.69,Quartzo,Não,2020
87,2016.0,8.19,Ametista,Sim,2020
88,2018.0,9.04,Topázio,Sim,2020
89,2019.0,7.94,Ametista,Não,2020
90,2019.0,7.07,Ágata,Não,2020
91,2018.0,6.85,Ágata,Não,2020
94,2019.0,6.76,Ágata,Não,2020
95,2019.0,7.34,Ametista,Não,2020
96,2019.0,6.43,Ágata,Sim,2020
97,2018.0,7.39,Ametista,Não,2020
100,2018.0,6.91,Ágata,Não,2020
102,2020.0,7.97,Ametista,Não,2020
103,2020.0,8.6,Topázio,Não,2020
105,2020.0,8.52,Topázio,Não,2020
106,2020.0,8.45,Ametista,Não,2020
111,2020.0,6.85,Ágata,Não,2020
112,2018.0,6.45,Ágata,Não,2020
113,2019.0,7.69,Ametista,Não,2020
115,2019.0,5.33,Quartzo,Não,2020
117,2020.0,8.03,Ametista,Não,2020
118,2019.0,8.34,Ametista,Não,2020
120,2019.0,7.9,Ametista,Não,2020
125,2020.0,7.19,Ágata,Não,2020
128,2019.0,5.85,Quartzo,Não,2020
132,2017.0,7.34,Ametista,Não,2020
133,2019.0,8.43,Ametista,Não,2020
135,2019.0,7.8,Ametista,Não,2020
136,2018.0,4.64,Quartzo,Não,2020
139,2020.0,6.11,Ágata,Não,2020
145,2019.0,8.35,Ametista,Sim,2020
146,2018.0,6.39,Ágata,Não,2020
147,2019.0,5.93,Quartzo,Não,2020
149,2019.0,7.13,Ágata,Não,2020
151,2019.0,8.24,Ametista,Não,2020
152,2019.0,7.96,Ametista,Não,2020
153,2017.0,8.17,Ametista,Sim,2020
154,2019.0,5.88,Quartzo,Não,2020
156,2018.0,7.11,Ágata,Não,2020
157,2019.0,7.18,Ágata,Não,2020
158,2018.0,6.06,Quartzo,Não,2020
160,2018.0,4.48,Quartzo,Não,2020
162,2018.0,7.95,Ametista,Não,2020
163,2017.0,6.44,Ágata,Não,2020
164,2019.0,7.71,Ametista,Não,2020
165,2019.0,8.43,Ametista,Não,2020
168,2019.0,8.08,Ametista,Não,2020
169,2020.0,7.8,Ametista,Não,2020
173,2016.0,3.74,Quartzo,Não,2020
183,2018.0,7.86,Ametista,Não,2020
184,2018.0,8.26,Ametista,Não,2020
186,2020.0,6.31,Ágata,Não,2020
187,2020.0,6.41,Ágata,Não,2020
188,2018.0,7.74,Ametista,Sim,2020
189,2020.0,7.26,Ágata,Não,2020
190,2017.0,8.73,Topázio,Sim,2020
192,2022.0,4.85,Quartzo,Não,2020
193,2016.0,8.54,Topázio,Sim,2020
194,2017.0,7.12,Ágata,Não,2020
197,2019.0,8.83,Topázio,Não,2020
198,2017.0,5.52,Quartzo,Não,2020
199,2019.0,6.66,Ágata,Não,2020
200,2016.0,7.36,Ametista,Não,2020
201,2019.0,7.72,Ametista,Não,2020
202,2018.0,3.78,Quartzo,Não,2020
206,2018.0,5.22,Quartzo,Não,2020
208,2020.0,7.84,Ametista,Não,2020
209,2019.0,9.08,Topázio,Sim,2020
210,2017.0,8.21,Ametista,Não,2020
212,2019.0,6.35,Ágata,Não,2020
213,2018.0,8.08,Ametista,Não,2020
215,2019.0,8.87,Topázio,Não,2020
217,2019.0,8.94,Topázio,Sim,2020
219,2019.0,7.83,Ametista,Não,2020
222,2019.0,8.48,Topázio,Não,2020
223,2019.0,6.59,Ágata,Não,2020
225,2016.0,8.85,Topázio,Não,2020
226,2018.0,7.85,Ametista,Não,2020
227,2020.0,5.98,Quartzo,Não,2020
229,2019.0,5.89,Quartzo,Não,2020
230,2016.0,5.0,Quartzo,Não,2020
231,2019.0,5.96,Quartzo,Não,2020
235,2019.0,8.13,Ametista,Não,2020
238,2019.0,6.49,Ágata,Não,2020
241,2017.0,7.29,Ametista,Não,2020
242,2018.0,6.71,Ágata,Não,2020
246,2019.0,7.64,Ametista,Não,2020
251,2019.0,8.58,Topázio,Não,2020
259,2019.0,8.75,Topázio,Sim,2020
261,2020.0,7.25,Ágata,Não,2020
262,2017.0,8.22,Ametista,Sim,2020
263,2016.0,8.39,Ametista,Não,2020
265,2019.0,7.63,Ametista,Não,2020
266,2019.0,8.34,Ametista,Não,2020
267,2018.0,8.37,Ametista,Sim,2020
269,2019.0,7.1,Ágata,Não,2020
270,2017.0,7.19,Ágata,Não,2020
273,2018.0,4.39,Quartzo,Não,2020
274,2018.0,6.11,Ágata,Não,2020
275,2017.0,6.4,Ágata,Não,2020
277,2018.0,8.02,Ametista,Não,2020
278,2019.0,8.24,Ametista,Não,2020
280,2018.0,6.65,Ágata,Não,2020
284,2020.0,7.9,Ametista,Não,2020
285,2020.0,5.11,Quartzo,Não,2020
286,2020.0,6.96,Ágata,Não,2020
287,2019.0,8.3,Ametista,Sim,2020
288,2020.0,6.84,Ágata,Não,2020
292,2022.0,8.49,Topázio,Sim,2020
293,2019.0,4.42,Quartzo,Não,2020
295,2017.0,7.59,Ametista,Não,2020
296,2020.0,7.71,Ametista,Não,2020
297,2019.0,7.2,Ágata,Não,2020
298,2022.0,6.34,Ágata,Não,2020
301,2019.0,8.85,Topázio,Não,2020
305,2018.0,7.36,Ametista,Não,2020
306,2019.0,3.89,Quartzo,Não,2020
309,2019.0,8.2,Ametista,Não,2020
312,2019.0,8.51,Topázio,Não,2020
313,2020.0,7.9,Ametista,Não,2020
315,2019.0,9.46,Topázio,Sim,2020
316,2022.0,6.43,Ágata,Não,2020
318,2020.0,8.3,Ametista,Não,2020
319,2019.0,7.18,Ágata,Não,2020
321,2019.0,4.92,Quartzo,Não,2020
323,2016.0,6.05,Quartzo,Não,2020
324,2019.0,8.06,Ametista,Não,2020
328,2020.0,6.86,Ágata,Não,2020
329,2017.0,7.98,Ametista,Não,2020
330,2022.0,7.68,Ametista,Não,2020
332,2019.0,8.26,Ametista,Não,2020
335,2020.0,7.47,Ametista,Não,2020
337,2016.0,8.95,Topázio,Sim,2020
338,2018.0,5.91,Quartzo,Não,2020
339,2018.0,8.14,Ametista,Não,2020
340,2018.0,7.6,Ametista,Não,2020
342,2016.0,8.13,Ametista,Não,2020
343,2020.0,7.58,Ametista,Sim,2020
344,2019.0,4.35,Quartzo,Não,2020
345,2019.0,8.5,Topázio,Não,2020
346,2019.0,8.42,Ametista,Não,2020
348,2019.0,7.79,Ametista,Não,2020
349,2020.0,9.2,Topázio,Sim,2020
353,2019.0,7.17,Ágata,Não,2020
354,2016.0,4.66,Quartzo,Não,2020
355,2019.0,6.41,Ágata,Não,2020
359,2019.0,8.18,Ametista,Não,2020
361,2019.0,5.67,Quartzo,Não,2020
364,2019.0,7.81,Ametista,Não,2020
365,2017.0,8.4,Ametista,Sim,2020
367,2016.0,8.33,Ametista,Não,2020
370,2019.0,8.61,Topázio,Sim,2020
371,2017.0,7.38,Ametista,Não,2020
372,2017.0,6.82,Ágata,Não,2020
373,2017.0,6.22,Ágata,Não,2020
375,2016.0,9.34,Topázio,Sim,2020
377,2017.0,7.41,Ametista,Não,2020
378,2016.0,7.97,Ametista,Não,2020
379,2018.0,5.68,Quartzo,Não,2020
381,2019.0,6.44,Ágata,Não,2020
383,2019.0,7.92,Ametista,Não,2020
385,2020.0,7.34,Ametista,Não,2020
387,2018.0,6.29,Ágata,Não,2020
388,2018.0,7.04,Ágata,Não,2020
389,2020.0,8.4,Ametista,Sim,2020
390,2019.0,7.43,Ametista,Não,2020
393,2017.0,7.21,Ágata,Não,2020
394,2016.0,5.93,Quartzo,Não,2020
396,2019.0,7.45,Ametista,Não,2020
397,2016.0,7.69,Ametista,Não,2020
399,2020.0,4.23,Quartzo,Não,2020
400,2019.0,4.86,Quartzo,Não,2020
401,2019.0,8.41,Ametista,Não,2020
404,2016.0,8.32,Ametista,Não,2020
406,2018.0,7.98,Ametista,Não,2020
407,2018.0,8.29,Ametista,Sim,2020
408,2020.0,9.32,Topázio,Não,2020
414,2019.0,5.77,Quartzo,Não,2020
416,2018.0,7.78,Ametista,Não,2020
421,2018.0,7.14,Ágata,Não,2020
424,2017.0,7.91,Ametista,Não,2020
425,2019.0,7.13,Ágata,Não,2020
426,2020.0,6.65,Ágata,Não,2020
431,2020.0,6.81,Ágata,Não,2020
435,2020.0,7.31,Ametista,Não,2020
437,2018.0,7.81,Ametista,Não,2020
439,2018.0,4.93,Quartzo,Não,2020
441,2019.0,7.6,Ametista,Não,2020
442,2020.0,8.22,Ametista,Não,2020
443,2019.0,7.67,Ametista,Não,2020
445,2020.0,6.66,Ágata,Não,2020
447,2019.0,7.0,Ágata,Não,2020
448,2019.0,7.51,Ametista,Não,2020
449,2019.0,8.75,Topázio,Não,2020
450,2019.0,6.96,Ágata,Não,2020
451,2018.0,7.32,Ametista,Não,2020
453,2019.0,5.68,Quartzo,Não,2020
455,2019.0,8.59,Topázio,Sim,2020
457,2020.0,5.91,Quartzo,Não,2020
458,2020.0,5.54,Quartzo,Não,2020
459,2019.0,5.94,Quartzo,Não,2020
460,2016.0,8.11,Ametista,Sim,2020
462,2020.0,7.25,Ágata,Não,2020
463,2017.0,8.29,Ametista,Não,2020
464,2020.0,6.84,Ágata,Não,2020
466,2017.0,5.78,Quartzo,Não,2020
467,2019.0,6.62,Ágata,Não,2020
468,2018.0,7.43,Ametista,Não,2020
469,2016.0,8.35,Ametista,Não,2020
472,2020.0,8.22,Ametista,Não,2020
473,2018.0,7.81,Ametista,Não,2020
474,2019.0,8.03,Ametista,Não,2020
476,2019.0,8.1,Ametista,Não,2020
477,2019.0,5.79,Quartzo,Não,2020
478,2020.0,6.58,Ágata,Não,2020
482,2016.0,8.34,Ametista,Não,2020
483,2018.0,8.37,Ametista,Não,2020
486,2019.0,5.86,Quartzo,Não,2020
487,2019.0,8.78,Topázio,Não,2020
488,2019.0,6.51,Ágata,Não,2020
490,2016.0,8.0,Ametista,Não,2020
491,2022.0,6.66,Ágata,Não,2020
492,2018.0,7.6,Ametista,Não,2020
496,2018.0,8.69,Topázio,Não,2020
499,2017.0,8.31,Ametista,Não,2020
500,2019.0,7.77,Ametista,Não,2020
502,2018.0,8.18,Ametista,Não,2020
503,2020.0,7.23,Ágata,Não,2020
506,2020.0,8.78,Topázio,Não,2020
507,2016.0,8.01,Ametista,Não,2020
509,2018.0,8.22,Ametista,Sim,2020
512,2019.0,8.3,Ametista,Sim,2020
513,2020.0,8.73,Topázio,Não,2020
515,2019.0,7.52,Ametista,Não,2020
517,2020.0,6.95,Ágata,Não,2020
518,2019.0,8.32,Ametista,Não,2020
520,2018.0,8.17,Ametista,Sim,2020
521,2018.0,8.65,Topázio,Não,2020
522,2018.0,7.5,Ametista,Não,2020
524,2020.0,8.36,Ametista,Não,2020
527,2017.0,7.9,Ametista,Sim,2020
530,2020.0,5.05,Quartzo,Não,2020
531,2019.0,7.58,Ametista,Sim,2020
533,2019.0,5.64,Quartzo,Não,2020
534,2019.0,8.31,Ametista,Não,2020
535,2019.0,6.96,Ágata,Não,2020
540,2018.0,7.48,Ametista,Não,2020
541,2019.0,9.1,Topázio,Sim,2020
544,2019.0,6.71,Ágata,Não,2020
545,2020.0,6.74,Ágata,Não,2020
546,2018.0,4.93,Quartzo,Não,2020
547,2018.0,7.28,Ágata,Não,2020
549,2017.0,4.58,Quartzo,Não,2020
552,2019.0,5.73,Quartzo,Não,2020
555,2019.0,7.82,Ametista,Não,2020
557,2018.0,7.7,Ametista,Não,2020
559,2019.0,5.87,Quartzo,Não,2020
560,2019.0,6.86,Ágata,Não,2020
561,2019.0,6.01,Quartzo,Não,2020
562,2019.0,8.36,Ametista,Não,2020
564,2019.0,7.29,Ametista,Não,2020
568,2017.0,7.72,Ametista,Não,2020
569,2020.0,9.23,Topázio,Sim,2020
570,2019.0,7.68,Ametista,Não,2020
574,2019.0,7.64,Ametista,Não,2020
577,2019.0,5.3,Quartzo,Não,2020
579,2017.0,7.84,Ametista,Sim,2020
581,2018.0,4.74,Quartzo,Não,2020
583,2019.0,7.42,Ametista,Não,2020
585,2018.0,6.52,Ágata,Não,2020
586,2020.0,7.98,Ametista,Não,2020
588,2019.0,8.66,Topázio,Não,2020
589,2019.0,7.39,Ametista,Não,2020
594,2020.0,7.97,Ametista,Não,2020
597,2019.0,5.84,Quartzo,Não,2020
598,2019.0,6.03,Quartzo,Não,2020
601,2019.0,5.28,Quartzo,Não,2020
602,2019.0,6.2,Ágata,Não,2020
603,2018.0,6.07,Quartzo,Não,2020
604,2018.0,8.47,Ametista,Não,2020
605,2017.0,7.34,Ametista,Não,2020
606,2018.0,7.56,Ametista,Não,2020
608,2017.0,7.58,Ametista,Não,2020
611,2016.0,7.46,Ametista,Não,2020
613,2018.0,6.56,Ágata,Não,2020
614,2018.0,5.5,Quartzo,Não,2020
615,2019.0,9.62,Topázio,Sim,2020
616,2019.0,7.75,Ametista,Não,2020
618,2017.0,4.52,Quartzo,Não,2020
619,2019.0,7.74,Ametista,Não,2020
622,2018.0,6.49,Ágata,Não,2020
624,2019.0,5.23,Quartzo,Não,2020
625,2019.0,5.79,Quartzo,Não,2020
626,2017.0,7.05,Ágata,Não,2020
631,2018.0,6.28,Ágata,Não,2020
634,2018.0,6.15,Ágata,Não,2020
635,2017.0,6.0,Quartzo,Não,2020
636,2019.0,5.71,Quartzo,Não,2020
638,2019.0,6.91,Ágata,Não,2020
639,2019.0,6.07,Quartzo,Não,2020
640,2019.0,7.16,Ágata,Não,2020
642,2019.0,8.0,Ametista,Não,2020
644,2018.0,8.63,Topázio,Sim,2020
645,2020.0,8.6,Topázio,Não,2020
646,2019.0,7.81,Ametista,Não,2020
647,2018.0,7.2,Ágata,Não,2020
648,2019.0,6.57,Ágata,Não,2020
655,2020.0,8.47,Ametista,Não,2020
657,2019.0,8.78,Topázio,Não,2020
659,2019.0,5.83,Quartzo,Não,2020
661,2017.0,8.26,Ametista,Não,2020
663,2018.0,7.38,Ametista,Não,2020
664,2019.0,9.22,Topázio,Sim,2020
666,2018.0,3.83,Quartzo,Não,2020
668,2020.0,7.73,Ametista,Não,2020
670,2020.0,8.2,Ametista,Sim,2020
671,2018.0,7.56,Ametista,Não,2020
672,2018.0,7.71,Ametista,Não,2020
676,2018.0,3.93,Quartzo,Não,2020
677,2019.0,7.76,Ametista,Não,2020
678,2019.0,4.72,Quartzo,Não,2020
680,2019.0,7.08,Ágata,Não,2020
681,2018.0,5.65,Quartzo,Não,2020
682,2020.0,8.14,Ametista,Não,2020
683,2019.0,7.3,Ametista,Não,2020
684,2018.0,7.87,Ametista,Não,2020
685,2019.0,7.73,Ametista,Não,2020
686,2018.0,7.77,Ametista,Não,2020
688,2018.0,6.89,Ágata,Não,2020
689,2017.0,7.78,Ametista,Sim,2020
691,2019.0,7.69,Ametista,Não,2020
693,2020.0,8.25,Ametista,Não,2020
695,2020.0,8.63,Topázio,Não,2020
696,2019.0,7.78,Ametista,Sim,2020
698,2020.0,7.01,Ágata,Não,2020
699,2019.0,6.79,Ágata,Não,2020
700,2019.0,6.97,Ágata,Não,2020
702,2019.0,8.82,Topázio,Não,2020
703,2019.0,8.34,Ametista,Não,2020
704,2018.0,7.59,Ametista,Não,2020
707,2019.0,7.79,Ametista,Não,2020
708,2019.0,8.0,Ametista,Não,2020
710,2018.0,8.43,Ametista,Não,2020
712,2020.0,7.59,Ametista,Não,2020
713,2019.0,6.07,Quartzo,Não,2020
714,2018.0,5.55,Quartzo,Não,2020
716,2019.0,7.71,Ametista,Não,2020
718,2019.0,5.55,Quartzo,Não,2020
719,2017.0,5.69,Quartzo,Não,2020
720,2019.0,6.33,Ágata,Não,2020
721,2019.0,5.66,Quartzo,Não,2020
724,2019.0,7.86,Ametista,Não,2020
725,2018.0,6.73,Ágata,Não,2020
731,2019.0,6.44,Ágata,Não,2020
732,2018.0,7.85,Ametista,Não,2020
733,2018.0,7.04,Ágata,Não,2020
737,2019.0,8.07,Ametista,Não,2020
738,2018.0,7.46,Ametista,Não,2020
739,2016.0,8.7,Topázio,Sim,2020
740,2020.0,7.94,Ametista,Não,2020
743,2020.0,7.99,Ametista,Não,2020
744,2019.0,5.08,Quartzo,Não,2020
745,2019.0,5.96,Quartzo,Não,2020
746,2018.0,8.89,Topázio,Sim,2020
747,2019.0,8.15,Ametista,Não,2020
749,2018.0,6.5,Ágata,Não,2020
750,2020.0,5.55,Quartzo,Não,2020
753,2019.0,6.49,Ágata,Não,2020
755,2017.0,7.74,Ametista,Não,2020
756,2019.0,7.43,Ametista,Não,2020
757,2017.0,6.24,Ágata,Não,2020
758,2020.0,7.44,Ametista,Não,2020
760,2020.0,8.64,Topázio,Não,2020
766,2020.0,6.82,Ágata,Não,2020
767,2018.0,7.1,Ágata,Não,2020
768,2017.0,7.73,Ametista,Sim,2020
773,2016.0,7.85,Ametista,Sim,2020
776,2020.0,5.59,Quartzo,Não,2020
777,2019.0,7.01,Ágata,Não,2020
779,2017.0,6.48,Ágata,Não,2020
780,2020.0,8.1,Ametista,Não,2020
782,2017.0,8.44,Ametista,Sim,2020
783,2020.0,7.0,Ágata,Não,2020
785,2019.0,8.81,Topázio,Não,2020
786,2018.0,5.07,Quartzo,Não,2020
789,2018.0,4.68,Quartzo,Não,2020
790,2019.0,9.2,Topázio,Sim,2020
792,2017.0,7.78,Ametista,Não,2020
793,2020.0,8.12,Ametista,Não,2020
794,2017.0,8.28,Ametista,Sim,2020
795,2019.0,7.97,Ametista,Não,2020
796,2018.0,8.62,Topázio,Não,2020
797,2019.0,6.86,Ágata,Não,2020
803,2020.0,6.98,Ágata,Não,2020
807,2019.0,8.09,Ametista,Não,2020
811,2018.0,8.2,Ametista,Não,2020
813,2018.0,8.39,Ametista,Não,2020
814,2019.0,6.86,Ágata,Não,2020
817,2019.0,8.34,Ametista,Não,2020
820,2017.0,8.33,Ametista,Sim,2020
821,2019.0,7.12,Ágata,Não,2020
823,2018.0,8.45,Ametista,Não,2020
824,2019.0,7.75,Ametista,Não,2020
825,2018.0,5.73,Quartzo,Não,2020
826,2020.0,6.38,Ágata,Não,2020
828,2016.0,7.5,Ametista,Sim,2020
829,2017.0,6.51,Ágata,Não,2020
830,2017.0,9.1,Topázio,Sim,2020
831,2019.0,7.89,Ametista,Não,2020
835,2016.0,5.03,Quartzo,Não,2020
837,2019.0,4.05,Quartzo,Não,2020
838,2016.0,7.91,Ametista,Não,2020
840,2019.0,7.49,Ametista,Não,2020
842,2016.0,4.6,Quartzo,Não,2020
846,2019.0,6.99,Ágata,Não,2020
848,2019.0,7.43,Ametista,Não,2020
849,2020.0,7.86,Ametista,Não,2020
850,2016.0,8.19,Ametista,Não,2020
851,2019.0,7.65,Ametista,Não,2020
855,2020.0,7.36,Ametista,Não,2020
858,2019.0,8.59,Topázio,Sim,2020
860,2018.0,8.45,Ametista,Sim,2020
861,2020.0,8.08,Ametista,Não,2020
862,2019.0,8.35,Ametista,Não,2020
866,2019.0,8.56,Topázio,Não,2020
872,2017.0,7.0,Ágata,Não,2020
873,2020.0,7.51,Ametista,Não,2020
874,2016.0,7.71,Ametista,Não,2020
877,2019.0,7.54,Ametista,Não,2020
880,2019.0,4.81,Quartzo,Não,2020
886,2020.0,8.72,Topázio,Não,2020
888,2020.0,6.59,Ágata,Não,2020
889,2019.0,7.63,Ametista,Não,2020
890,2018.0,6.87,Ágata,Não,2020
892,2019.0,7.7,Ametista,Não,2020
894,2018.0,8.8,Topázio,Não,2020
898,2017.0,7.11,Ágata,Não,2020
899,2019.0,7.81,Ametista,Não,2020
902,2019.0,7.72,Ametista,Não,2020
903,2020.0,8.89,Topázio,Não,2020
904,2020.0,7.94,Ametista,Não,2020
906,2017.0,8.93,Topázio,Sim,2020
907,2020.0,8.12,Ametista,Não,2020
908,2019.0,7.16,Ágata,Não,2020
909,2019.0,6.24,Ágata,Não,2020
910,2016.0,4.33,Quartzo,Não,2020
911,2019.0,6.6,Ágata,Não,2020
912,2019.0,4.75,Quartzo,Não,2020
916,2017.0,8.51,Topázio,Sim,2020
919,2020.0,7.13,Ágata,Não,2020
920,2018.0,7.59,Ametista,Sim,2020
922,2019.0,7.29,Ametista,Sim,2020
923,2020.0,7.4,Ametista,Não,2020
926,2018.0,7.65,Ametista,Não,2020
927,2020.0,8.54,Topázio,Não,2020
928,2019.0,8.3,Ametista,Sim,2020
929,2018.0,4.47,Quartzo,Não,2020
930,2019.0,8.37,Ametista,Sim,2020
931,2019.0,8.23,Ametista,Não,2020
932,2017.0,7.53,Ametista,Não,2020
935,2020.0,9.06,Topázio,Não,2020
937,2018.0,8.43,Ametista,Não,2020
938,2016.0,8.38,Ametista,Não,2020
940,2019.0,7.75,Ametista,Não,2020
942,2018.0,7.34,Ametista,Não,2020
943,2020.0,7.94,Ametista,Não,2020
944,2017.0,5.51,Quartzo,Não,2020
948,2018.0,7.36,Ametista,Não,2020
950,2018.0,8.16,Ametista,Sim,2020
951,2020.0,7.08,Ágata,Não,2020
957,2019.0,7.67,Ametista,Não,2020
958,2018.0,8.43,Ametista,Sim,2020
961,2019.0,8.66,Topázio,Não,2020
962,2017.0,5.5,Quartzo,Não,2020
964,2021.0,8.03,Ametista,Não,2020
965,2018.0,7.07,Ágata,Não,2020
968,2020.0,5.58,Quartzo,Não,2020
970,2018.0,7.18,Ágata,Não,2020
973,2019.0,8.12,Ametista,Não,2020
983,2018.0,7.79,Ametista,Não,2020
984,2017.0,5.31,Quartzo,Não,2020
986,2018.0,7.0,Ágata,Não,2020
989,2020.0,7.89,Ametista,Não,2020
991,2019.0,6.8,Ágata,Não,2020
992,2019.0,7.32,Ametista,Não,2020
993,2018.0,7.53,Ametista,Não,2020
994,2019.0,8.68,Topázio,Não,2020
996,2018.0,7.74,Ametista,Não,2020
997,2019.0,8.98,Topázio,Não,2020
999,2018.0,7.0,Ágata,Não,2020
1002,2020.0,8.11,Ametista,Não,2020
1003,2019.0,7.6,Ametista,Não,2020
1004,2020.0,7.68,Ametista,Não,2020
1006,2019.0,7.81,Ametista,Não,2020
1007,2019.0,7.53,Ametista,Não,2020
1010,2019.0,8.58,Topázio,Não,2020
1012,2020.0,8.77,Topázio,Não,2020
1014,2019.0,6.96,Ágata,Não,2020
1015,2018.0,8.05,Ametista,Sim,2020
1016,2019.0,7.43,Ametista,Não,2020
1017,2018.0,8.47,Ametista,Não,2020
1018,2020.0,5.0,Quartzo,Não,2020
1019,2020.0,6.25,Ágata,Não,2020
1021,2019.0,6.78,Ágata,Não,2020
1022,2020.0,8.78,Topázio,Não,2020
1024,2020.0,3.76,Quartzo,Não,2020
1027,2016.0,8.07,Ametista,Sim,2020
1028,2019.0,7.73,Ametista,Não,2020
1029,2019.0,8.35,Ametista,Sim,2020
1031,2020.0,9.17,Topázio,Sim,2020
1034,2019.0,7.75,Ametista,Não,2020
1035,2020.0,8.26,Ametista,Não,2020
1036,2020.0,4.7,Quartzo,Não,2020
1041,2019.0,7.79,Ametista,Não,2020
1046,2018.0,7.99,Ametista,Sim,2020
1047,2018.0,4.83,Quartzo,Não,2020
1051,2019.0,6.25,Ágata,Não,2020
1056,2019.0,4.34,Quartzo,Não,2020
1061,2018.0,7.94,Ametista,Não,2020
1067,2018.0,8.31,Ametista,Não,2020
1070,2019.0,7.63,Ametista,Não,2020
1072,2020.0,8.19,Ametista,Não,2020
1075,2016.0,8.8,Topázio,Não,2020
1077,2020.0,8.25,Ametista,Não,2020
1078,2019.0,7.8,Ametista,Não,2020
1079,2019.0,6.6,Ágata,Não,2020
1081,2017.0,5.25,Quartzo,Não,2020
1084,2019.0,8.31,Ametista,Não,2020
1085,2019.0,6.21,Ágata,Não,2020
1087,2018.0,7.64,Ametista,Não,2020
1088,2018.0,6.12,Ágata,Não,2020
1089,2019.0,8.9,Topázio,Sim,2020
1090,2018.0,6.61,Ágata,Não,2020
1092,2019.0,5.31,Quartzo,Não,2020
1093,2016.0,7.3,Ametista,Não,2020
1094,2019.0,8.04,Ametista,Não,2020
1095,2019.0,9.12,Topázio,Não,2020
1097,2017.0,7.82,Ametista,Não,2020
1103,2016.0,6.39,Ágata,Não,2020
1105,2016.0,7.65,Ametista,Não,2020
1106,2022.0,7.73,Ametista,Sim,2020
1110,2019.0,7.85,Ametista,Não,2020
1112,2018.0,6.81,Ágata,Não,2020
1119,2019.0,8.54,Topázio,Não,2020
1123,2019.0,8.27,Ametista,Sim,2020
1127,2018.0,7.36,Ametista,Sim,2020
1128,2018.0,8.23,Ametista,Sim,2020
1129,2019.0,8.04,Ametista,Não,2020
1130,2019.0,8.79,Topázio,Não,2020
1131,2019.0,7.05,Ágata,Não,2020
1132,2019.0,7.13,Ágata,Não,2020
1133,2019.0,5.43,Quartzo,Não,2020
1134,2019.0,7.18,Ágata,Não,2020
1136,2019.0,7.74,Ametista,Não,2020
1139,2019.0,7.49,Ametista,Não,2020
1141,2019.0,6.98,Ágata,Não,2020
1142,2017.0,5.97,Quartzo,Não,2020
1145,2020.0,6.23,Ágata,Não,2020
1148,2018.0,3.07,Quartzo,Não,2020
1149,2019.0,7.03,Ágata,Não,2020
1150,2018.0,8.67,Topázio,Não,2020
1156,2019.0,8.28,Ametista,Não,2020
1159,2019.0,8.55,Topázio,Sim,2020
1161,2018.0,6.22,Ágata,Não,2020
1165,2019.0,8.08,Ametista,Não,2020
1166,2017.0,5.69,Quartzo,Não,2020
1167,2019.0,7.63,Ametista,Não,2020
1168,2020.0,8.04,Ametista,Não,2020
1170,2019.0,8.18,Ametista,Não,2020
1171,2019.0,8.93,Topázio,Sim,2020
1172,2018.0,6.27,Ágata,Não,2020
1173,2019.0,4.42,Quartzo,Não,2020
1174,2019.0,7.39,Ametista,Sim,2020
1175,2020.0,5.37,Quartzo,Não,2020
1176,2017.0,8.23,Ametista,Não,2020
1178,2019.0,5.69,Quartzo,Não,2020
1181,2019.0,7.75,Ametista,Não,2020
1187,2019.0,7.06,Ágata,Não,2020
1188,2019.0,5.46,Quartzo,Não,2020
1190,2019.0,8.1,Ametista,Não,2020
1191,2017.0,6.83,Ágata,Não,2020
1193,2020.0,6.91,Ágata,Não,2020
1195,2020.0,8.15,Ametista,Não,2020
1197,2016.0,7.82,Ametista,Não,2020
1198,2020.0,6.79,Ágata,Não,2020
1200,2018.0,7.52,Ametista,Não,2020
1205,2019.0,8.96,Topázio,Sim,2020
1215,2019.0,8.7,Topázio,Sim,2020
1217,2016.0,8.44,Ametista,Sim,2020
1218,2017.0,8.84,Topázio,Sim,2020
1219,2017.0,7.97,Ametista,Sim,2020
1222,2016.0,7.53,Ametista,Não,2020
1223,2019.0,8.35,Ametista,Sim,2020
1225,2019.0,5.98,Quartzo,Não,2020
1226,2019.0,8.13,Ametista,Não,2020
1228,2019.0,7.6,Ametista,Não,2020
1229,2018.0,7.92,Ametista,Não,2020
1230,2017.0,7.57,Ametista,Não,2020
1231,2017.0,6.0,Quartzo,Não,2020
1232,2019.0,6.01,Quartzo,Não,2020
1237,2019.0,6.99,Ágata,Não,2020
1238,2018.0,8.54,Topázio,Não,2020
1241,2018.0,4.18,Quartzo,Não,2020
1244,2019.0,8.74,Topázio,Não,2020
1248,2017.0,8.44,Ametista,Não,2020
1249,2017.0,8.01,Ametista,Sim,2020
1250,2019.0,6.48,Ágata,Não,2020
1251,2020.0,7.61,Ametista,Não,2020
1252,2018.0,5.8,Quartzo,Não,2020
1253,2019.0,7.43,Ametista,Não,2020
1254,2018.0,6.52,Ágata,Não,2020
1256,2018.0,5.4,Quartzo,Não,2020
1257,2019.0,7.64,Ametista,Não,2020
1260,2020.0,7.98,Ametista,Não,2020
1261,2016.0,5.44,Quartzo,Não,2020
1262,2020.0,6.84,Ágata,Não,2020
1264,2019.0,8.11,Ametista,Não,2020
1265,2019.0,8.12,Ametista,Não,2020
1266,2018.0,7.46,Ametista,Não,2020
1270,2019.0,7.45,Ametista,Não,2020
1274,2019.0,7.94,Ametista,Sim,2020
1275,2019.0,8.72,Topázio,Não,2020
1277,2017.0,7.64,Ametista,Sim,2020
1278,2019.0,7.32,Ametista,Não,2020
1281,2018.0,8.38,Ametista,Sim,2020
1282,2020.0,6.3,Ágata,Não,2020
1284,2020.0,6.79,Ágata,Não,2020
1285,2020.0,8.61,Topázio,Não,2020
1287,2020.0,7.17,Ágata,Não,2020
1288,2016.0,6.73,Ágata,Não,2020
1289,2020.0,6.12,Ágata,Não,2020
1291,2020.0,8.05,Ametista,Não,2020
1292,2019.0,8.95,Topázio,Não,2020
1293,2019.0,3.85,Quartzo,Não,2020
1294,2019.0,4.49,Quartzo,Não,2020
1296,2019.0,6.85,Ágata,Não,2020
1297,2019.0,7.08,Ágata,Não,2020
1298,2019.0,8.55,Topázio,Não,2020
1299,2017.0,7.82,Ametista,Não,2020
1302,2019.0,4.33,Quartzo,Não,2020
1303,2016.0,6.22,Ágata,Não,2020
1309,2019.0,7.89,Ametista,Não,2020
1313,2020.0,5.19,Quartzo,Não,2020
1315,2016.0,5.66,Quartzo,Não,2020
1316,2019.0,8.5,Topázio,Não,2020
1319,2019.0,7.9,Ametista,Não,2020
1323,2019.0,8.05,Ametista,Não,2020
1324,2018.0,8.0,Ametista,Não,2020
1325,2018.0,5.32,Quartzo,Não,2020
1328,2017.0,7.29,Ametista,Sim,2020
1336,2020.0,5.58,Quartzo,Não,2020
1338,2019.0,8.33,Ametista,Sim,2020
1339,2019.0,7.92,Ametista,Não,2020
1341,2019.0,8.43,Ametista,Sim,2020
1343,2018.0,5.84,Quartzo,Não,2020
1344,2018.0,6.45,Ágata,Não,2020
1347,2019.0,7.16,Ágata,Não,2020
1348,2018.0,7.84,Ametista,Sim,2020
1,2018.0,7.32,Ametista,Não,2021
3,2018.0,7.02,Ametista,Não,2021
5,2019.0,7.4,Ametista,Não,2021
8,2017.0,8.27,Topázio,Não,2021
11,2020.0,8.99,Topázio,Sim,2021
17,2018.0,6.14,Ágata,Não,2021
18,2017.0,5.67,Ágata,Não,2021
19,2021.0,6.75,Ágata,Não,2021
28,2018.0,9.08,Topázio,Sim,2021
29,2021.0,6.34,Ágata,Não,2021
34,2018.0,6.13,Ágata,Não,2021
35,2017.0,8.42,Topázio,Sim,2021
36,2019.0,6.25,Ágata,Não,2021
37,2018.0,6.15,Ágata,Não,2021
38,2021.0,6.85,Ágata,Não,2021
41,2020.0,6.1,Ágata,Não,2021
42,2021.0,6.8,Ágata,Não,2021
46,2020.0,8.47,Topázio,Não,2021
47,2021.0,6.06,Ágata,Não,2021
51,2019.0,8.05,Ametista,Não,2021
55,2017.0,8.22,Ametista,Sim,2021
56,2021.0,6.78,Ágata,Não,2021
57,2018.0,7.21,Ametista,Não,2021
60,2016.0,6.96,Ametista,Não,2021
61,2020.0,3.02,Quartzo,Não,2021
62,2020.0,5.7,Ágata,Não,2021
65,2021.0,8.44,Topázio,Sim,2021
66,2021.0,6.88,Ágata,Não,2021
67,2021.0,4.94,Quartzo,Não,2021
75,2019.0,9.11,Topázio,Sim,2021
76,2020.0,8.87,Topázio,Sim,2021
77,2021.0,7.85,Ametista,Não,2021
78,2017.0,6.34,Ágata,Não,2021
81,2019.0,6.19,Ágata,Não,2021
83,2016.0,5.99,Ágata,Não,2021
84,2021.0,7.87,Ametista,Não,2021
85,2019.0,6.65,Ágata,Não,2021
87,2016.0,8.0,Ametista,Não,2021
88,2018.0,8.1,Ametista,Sim,2021
90,2019.0,5.99,Ágata,Não,2021
91,2018.0,4.2,Quartzo,Não,2021
94,2019.0,5.92,Ágata,Não,2021
95,2019.0,4.96,Quartzo,Não,2021
97,2018.0,6.32,Ágata,Não,2021
98,2021.0,6.95,Ametista,Não,2021
100,2018.0,3.12,Quartzo,Não,2021
102,2020.0,6.7,Ágata,Não,2021
103,2020.0,8.08,Ametista,Não,2021
104,2021.0,8.01,Ametista,Não,2021
105,2020.0,4.96,Quartzo,Não,2021
106,2020.0,8.24,Ametista,Sim,2021
111,2020.0,7.22,Ametista,Não,2021
112,2018.0,6.1,Ágata,Não,2021
113,2019.0,6.66,Ágata,Não,2021
117,2020.0,7.77,Ametista,Não,2021
118,2019.0,8.3,Topázio,Não,2021
120,2019.0,7.1,Ametista,Não,2021
124,2021.0,8.28,Topázio,Sim,2021
125,2020.0,6.46,Ágata,Não,2021
126,2021.0,6.07,Ágata,Não,2021
127,2021.0,6.91,Ametista,Não,2021
128,2019.0,5.23,Quartzo,Não,2021
129,2021.0,5.82,Ágata,Não,2021
133,2019.0,7.99,Ametista,Não,2021
135,2019.0,5.79,Ágata,Não,2021
143,2021.0,6.28,Ágata,Não,2021
149,2019.0,8.36,Topázio,Sim,2021
151,2019.0,9.0,Topázio,Sim,2021
152,2019.0,8.67,Topázio,Sim,2021
153,2017.0,8.36,Topázio,Sim,2021
154,2019.0,5.16,Quartzo,Não,2021
156,2018.0,7.98,Ametista,Não,2021
158,2018.0,6.06,Ágata,Não,2021
159,2021.0,8.03,Ametista,Sim,2021
162,2018.0,7.53,Ametista,Não,2021
164,2019.0,7.13,Ametista,Não,2021
165,2019.0,7.58,Ametista,Não,2021
167,2021.0,7.64,Ametista,Não,2021
168,2019.0,3.52,Quartzo,Não,2021
169,2020.0,6.9,Ametista,Não,2021
171,2021.0,8.04,Ametista,Sim,2021
173,2016.0,6.53,Ágata,Não,2021
176,2017.0,5.67,Ágata,Não,2021
177,2021.0,7.2,Ametista,Não,2021
184,2018.0,7.9,Ametista,Não,2021
185,2021.0,7.91,Ametista,Não,2021
188,2018.0,6.44,Ágata,Não,2021
193,2016.0,8.22,Ametista,Sim,2021
197,2019.0,7.75,Ametista,Não,2021
200,2016.0,4.79,Quartzo,Não,2021
201,2019.0,5.64,Ágata,Não,2021
206,2018.0,5.14,Quartzo,Não,2021
207,2021.0,5.5,Quartzo,Não,2021
208,2020.0,6.45,Ágata,Não,2021
209,2019.0,7.17,Ametista,Sim,2021
212,2019.0,5.66,Ágata,Não,2021
213,2018.0,8.76,Topázio,Não,2021
217,2019.0,7.77,Ametista,Não,2021
218,2021.0,8.82,Topázio,Sim,2021
219,2019.0,4.18,Quartzo,Não,2021
221,2021.0,4.44,Quartzo,Não,2021
225,2016.0,7.14,Ametista,Não,2021
226,2018.0,4.62,Quartzo,Não,2021
229,2019.0,5.05,Quartzo,Não,2021
231,2019.0,7.7,Ametista,Não,2021
232,2021.0,7.33,Ametista,Não,2021
235,2019.0,7.54,Ametista,Não,2021
238,2019.0,3.66,Quartzo,Não,2021
241,2017.0,2.86,Quartzo,Não,2021
242,2018.0,5.83,Ágata,Não,2021
246,2019.0,7.01,Ametista,Não,2021
247,2021.0,8.01,Ametista,Sim,2021
251,2019.0,7.98,Ametista,Não,2021
252,2021.0,7.47,Ametista,Não,2021
258,2021.0,6.28,Ágata,Não,2021
260,2021.0,6.75,Ágata,Não,2021
261,2020.0,6.9,Ametista,Não,2021
262,2017.0,7.9,Ametista,Não,2021
263,2016.0,7.69,Ametista,Não,2021
266,2019.0,7.89,Ametista,Não,2021
267,2018.0,8.01,Ametista,Não,2021
273,2018.0,4.13,Quartzo,Não,2021
274,2018.0,6.88,Ágata,Não,2021
275,2017.0,5.82,Ágata,Não,2021
277,2018.0,8.18,Ametista,Não,2021
282,2021.0,8.54,Topázio,Sim,2021
283,2021.0,8.53,Topázio,Sim,2021
288,2020.0,8.09,Ametista,Não,2021
293,2019.0,3.08,Quartzo,Não,2021
294,2021.0,8.99,Topázio,Sim,2021
295,2017.0,6.77,Ágata,Não,2021
296,2020.0,7.22,Ametista,Não,2021
297,2019.0,4.89,Quartzo,Não,2021
301,2019.0,8.29,Topázio,Não,2021
305,2018.0,7.32,Ametista,Não,2021
312,2019.0,7.95,Ametista,Não,2021
313,2020.0,7.38,Ametista,Não,2021
315,2019.0,8.91,Topázio,Sim,2021
319,2019.0,7.82,Ametista,Não,2021
321,2019.0,7.89,Ametista,Não,2021
323,2016.0,4.98,Quartzo,Não,2021
324,2019.0,8.25,Topázio,Não,2021
331,2021.0,8.92,Topázio,Sim,2021
332,2019.0,8.34,Topázio,Sim,2021
336,2020.0,7.53,Ametista,Não,2021
337,2016.0,7.66,Ametista,Não,2021
339,2018.0,7.68,Ametista,Sim,2021
340,2018.0,7.8,Ametista,Sim,2021
342,2016.0,7.39,Ametista,Não,2021
343,2020.0,7.07,Ametista,Não,2021
345,2019.0,6.76,Ágata,Não,2021
346,2019.0,4.93,Quartzo,Não,2021
348,2019.0,7.56,Ametista,Não,2021
349,2020.0,4.41,Quartzo,Não,2021
352,2021.0,5.78,Ágata,Não,2021
357,2021.0,6.85,Ágata,Não,2021
359,2019.0,7.33,Ametista,Sim,2021
363,2021.0,8.23,Ametista,Não,2021
364,2019.0,6.31,Ágata,Não,2021
365,2017.0,7.38,Ametista,Não,2021
367,2016.0,6.39,Ágata,Não,2021
370,2019.0,8.2,Ametista,Não,2021
372,2017.0,6.36,Ágata,Não,2021
373,2017.0,4.71,Quartzo,Não,2021
375,2016.0,8.86,Topázio,Não,2021
377,2017.0,7.11,Ametista,Não,2021
378,2016.0,7.44,Ametista,Não,2021
379,2018.0,4.15,Quartzo,Não,2021
381,2019.0,7.05,Ametista,Não,2021
383,2019.0,6.92,Ametista,Não,2021
385,2020.0,5.44,Quartzo,Não,2021
387,2018.0,6.19,Ágata,Não,2021
388,2018.0,6.01,Ágata,Não,2021
389,2020.0,8.2,Ametista,Não,2021
393,2017.0,7.26,Ametista,Não,2021
394,2016.0,6.05,Ágata,Não,2021
396,2019.0,7.59,Ametista,Não,2021
397,2016.0,4.26,Quartzo,Não,2021
400,2019.0,3.73,Quartzo,Não,2021
403,2021.0,7.88,Ametista,Não,2021
404,2016.0,8.5,Topázio,Não,2021
405,2021.0,7.77,Ametista,Não,2021
406,2018.0,6.87,Ágata,Não,2021
407,2018.0,8.48,Topázio,Sim,2021
408,2020.0,8.7,Topázio,Não,2021
416,2018.0,7.35,Ametista,Não,2021
421,2018.0,6.62,Ágata,Não,2021
422,2021.0,7.97,Ametista,Não,2021
424,2017.0,5.99,Ágata,Não,2021
425,2019.0,6.64,Ágata,Não,2021
432,2020.0,4.95,Quartzo,Não,2021
435,2020.0,4.17,Quartzo,Não,2021
436,2021.0,7.74,Ametista,Não,2021
437,2018.0,6.48,Ágata,Não,2021
438,2021.0,5.76,Ágata,Não,2021
441,2019.0,7.57,Ametista,Não,2021
442,2020.0,5.19,Quartzo,Não,2021
444,2021.0,6.47,Ágata,Não,2021
447,2019.0,7.69,Ametista,Não,2021
448,2019.0,7.85,Ametista,Não,2021
449,2019.0,7.65,Ametista,Não,2021
450,2019.0,7.2,Ametista,Não,2021
451,2018.0,5.67,Ágata,Não,2021
452,2021.0,7.12,Ametista,Não,2021
455,2019.0,7.15,Ametista,Não,2021
463,2017.0,8.29,Topázio,Não,2021
465,2021.0,8.12,Ametista,Não,2021
468,2018.0,6.58,Ágata,Não,2021
469,2016.0,6.76,Ágata,Não,2021
474,2019.0,7.22,Ametista,Não,2021
477,2019.0,5.19,Quartzo,Não,2021
482,2016.0,9.02,Topázio,Sim,2021
483,2018.0,7.64,Ametista,Não,2021
486,2019.0,5.51,Quartzo,Não,2021
487,2019.0,7.44,Ametista,Não,2021
488,2019.0,5.54,Ágata,Não,2021
490,2016.0,7.04,Ametista,Não,2021
496,2018.0,7.9,Ametista,Não,2021
497,2021.0,7.6,Ametista,Não,2021
498,2021.0,5.74,Ágata,Não,2021
499,2017.0,7.5,Ametista,Não,2021
500,2019.0,7.88,Ametista,Não,2021
502,2018.0,6.85,Ágata,Não,2021
503,2020.0,8.01,Ametista,Não,2021
507,2016.0,5.58,Ágata,Não,2021
512,2019.0,7.97,Ametista,Sim,2021
513,2020.0,7.29,Ametista,Não,2021
518,2019.0,7.97,Ametista,Não,2021
520,2018.0,8.41,Topázio,Não,2021
521,2018.0,7.25,Ametista,Não,2021
522,2018.0,5.87,Ágata,Não,2021
524,2020.0,8.49,Topázio,Sim,2021
527,2017.0,7.62,Ametista,Não,2021
529,2021.0,8.09,Ametista,Não,2021
531,2019.0,7.22,Ametista,Não,2021
533,2019.0,5.96,Ágata,Não,2021
536,2021.0,4.59,Quartzo,Não,2021
537,2021.0,4.81,Quartzo,Não,2021
540,2018.0,6.08,Ágata,Não,2021
541,2019.0,7.84,Ametista,Não,2021
544,2019.0,7.29,Ametista,Não,2021
546,2018.0,5.73,Ágata,Não,2021
547,2018.0,6.8,Ágata,Não,2021
548,2021.0,8.43,Topázio,Sim,2021
555,2019.0,8.49,Topázio,Não,2021
557,2018.0,7.54,Ametista,Não,2021
560,2019.0,6.49,Ágata,Não,2021
561,2019.0,4.74,Quartzo,Não,2021
562,2019.0,8.42,Topázio,Não,2021
563,2021.0,8.37,Topázio,Sim,2021
564,2019.0,5.76,Ágata,Não,2021
565,2021.0,8.39,Topázio,Sim,2021
566,2021.0,8.13,Ametista,Não,2021
569,2020.0,8.64,Topázio,Não,2021
570,2019.0,5.05,Quartzo,Não,2021
574,2019.0,7.34,Ametista,Não,2021
578,2021.0,7.49,Ametista,Sim,2021
579,2017.0,7.33,Ametista,Não,2021
583,2019.0,6.54,Ágata,Não,2021
585,2018.0,2.74,Quartzo,Não,2021
586,2020.0,8.02,Ametista,Não,2021
588,2019.0,8.88,Topázio,Não,2021
589,2019.0,7.41,Ametista,Não,2021
594,2020.0,7.48,Ametista,Não,2021
595,2021.0,8.81,Topázio,Sim,2021
602,2019.0,4.94,Quartzo,Não,2021
603,2018.0,5.79,Ágata,Não,2021
608,2017.0,7.31,Ametista,Não,2021
610,2021.0,6.91,Ametista,Não,2021
613,2018.0,7.2,Ametista,Não,2021
615,2019.0,8.36,Topázio,Não,2021
617,2021.0,8.58,Topázio,Sim,2021
619,2019.0,6.68,Ágata,Não,2021
622,2018.0,5.19,Quartzo,Não,2021
624,2019.0,5.74,Ágata,Não,2021
628,2021.0,7.44,Ametista,Não,2021
632,2021.0,5.89,Ágata,Não,2021
634,2018.0,3.75,Quartzo,Não,2021
635,2017.0,4.49,Quartzo,Não,2021
638,2019.0,6.78,Ágata,Não,2021
642,2019.0,7.08,Ametista,Não,2021
644,2018.0,9.16,Topázio,Sim,2021
645,2020.0,6.63,Ágata,Não,2021
646,2019.0,7.4,Ametista,Não,2021
647,2018.0,3.87,Quartzo,Não,2021
657,2019.0,8.05,Ametista,Sim,2021
658,2021.0,5.62,Ágata,Não,2021
659,2019.0,5.35,Quartzo,Não,2021
663,2018.0,5.48,Quartzo,Não,2021
664,2019.0,8.68,Topázio,Sim,2021
668,2020.0,6.72,Ágata,Não,2021
670,2020.0,7.87,Ametista,Sim,2021
671,2018.0,7.96,Ametista,Não,2021
672,2018.0,5.41,Quartzo,Não,2021
681,2018.0,6.84,Ágata,Não,2021
682,2020.0,8.04,Ametista,Sim,2021
685,2019.0,6.05,Ágata,Não,2021
686,2018.0,6.92,Ametista,Não,2021
687,2021.0,5.1,Quartzo,Não,2021
688,2018.0,7.74,Ametista,Não,2021
689,2017.0,7.91,Ametista,Não,2021
690,2021.0,6.04,Ágata,Não,2021
693,2020.0,6.68,Ágata,Não,2021
694,2021.0,8.67,Topázio,Não,2021
695,2020.0,8.26,Topázio,Sim,2021
698,2020.0,7.29,Ametista,Não,2021
700,2019.0,6.2,Ágata,Não,2021
703,2019.0,7.11,Ametista,Não,2021
706,2019.0,7.21,Ametista,Não,2021
707,2019.0,6.81,Ágata,Não,2021
708,2019.0,7.29,Ametista,Não,2021
709,2021.0,7.45,Ametista,Não,2021
710,2018.0,8.71,Topázio,Não,2021
713,2019.0,5.13,Quartzo,Não,2021
716,2019.0,6.91,Ametista,Não,2021
721,2019.0,5.03,Quartzo,Não,2021
722,2021.0,8.27,Topázio,Sim,2021
725,2018.0,2.77,Quartzo,Não,2021
729,2021.0,5.69,Ágata,Não,2021
732,2018.0,7.77,Ametista,Não,2021
733,2018.0,6.89,Ametista,Não,2021
737,2019.0,7.43,Ametista,Não,2021
738,2018.0,8.04,Ametista,Não,2021
739,2016.0,8.09,Ametista,Sim,2021
740,2020.0,6.42,Ágata,Não,2021
741,2021.0,7.0,Ametista,Não,2021
742,2021.0,7.36,Ametista,Não,2021
743,2020.0,8.06,Ametista,Não,2021
746,2018.0,9.11,Topázio,Sim,2021
747,2019.0,8.68,Topázio,Sim,2021
749,2018.0,6.51,Ágata,Não,2021
753,2019.0,4.79,Quartzo,Não,2021
755,2017.0,6.87,Ágata,Não,2021
757,2017.0,5.42,Quartzo,Não,2021
758,2020.0,6.98,Ametista,Não,2021
760,2020.0,7.36,Ametista,Não,2021
763,2021.0,6.55,Ágata,Não,2021
766,2020.0,7.44,Ametista,Não,2021
768,2017.0,8.07,Ametista,Não,2021
773,2016.0,8.92,Topázio,Sim,2021
776,2020.0,5.42,Quartzo,Não,2021
777,2019.0,5.5,Quartzo,Não,2021
781,2020.0,5.45,Quartzo,Não,2021
783,2020.0,6.12,Ágata,Não,2021
784,2021.0,8.53,Topázio,Sim,2021
786,2018.0,5.34,Quartzo,Não,2021
790,2019.0,8.65,Topázio,Sim,2021
792,2017.0,5.53,Quartzo,Não,2021
793,2020.0,6.51,Ágata,Não,2021
794,2017.0,7.21,Ametista,Não,2021
796,2018.0,5.94,Ágata,Não,2021
797,2019.0,2.47,Quartzo,Não,2021
798,2021.0,7.25,Ametista,Não,2021
802,2021.0,9.05,Topázio,Sim,2021
803,2020.0,7.13,Ametista,Não,2021
805,2021.0,6.99,Ametista,Não,2021
807,2019.0,9.18,Topázio,Sim,2021
811,2018.0,7.2,Ametista,Não,2021
812,2021.0,8.08,Ametista,Não,2021
813,2018.0,7.28,Ametista,Não,2021
814,2019.0,6.23,Ágata,Não,2021
817,2019.0,7.55,Ametista,Sim,2021
818,2021.0,6.96,Ametista,Não,2021
820,2017.0,8.07,Ametista,Não,2021
822,2021.0,8.76,Topázio,Sim,2021
823,2018.0,7.21,Ametista,Não,2021
824,2019.0,7.76,Ametista,Sim,2021
825,2018.0,4.29,Quartzo,Não,2021
826,2020.0,4.19,Quartzo,Não,2021
828,2016.0,7.48,Ametista,Não,2021
829,2017.0,6.42,Ágata,Não,2021
830,2017.0,8.51,Topázio,Não,2021
831,2019.0,7.35,Ametista,Não,2021
834,2021.0,5.51,Quartzo,Não,2021
835,2016.0,4.34,Quartzo,Não,2021
838,2016.0,6.32,Ágata,Não,2021
840,2019.0,6.6,Ágata,Não,2021
843,2021.0,6.64,Ágata,Não,2021
848,2019.0,6.85,Ágata,Não,2021
849,2020.0,7.44,Ametista,Não,2021
850,2016.0,8.15,Ametista,Sim,2021
851,2019.0,7.71,Ametista,Sim,2021
855,2020.0,6.24,Ágata,Não,2021
858,2019.0,8.59,Topázio,Sim,2021
860,2018.0,7.07,Ametista,Não,2021
861,2020.0,7.72,Ametista,Não,2021
862,2019.0,7.99,Ametista,Sim,2021
865,2021.0,8.4,Topázio,Sim,2021
866,2019.0,8.85,Topázio,Sim,2021
868,2021.0,8.08,Ametista,Não,2021
872,2017.0,4.45,Quartzo,Não,2021
873,2020.0,5.86,Ágata,Não,2021
874,2016.0,6.19,Ágata,Não,2021
877,2019.0,6.38,Ágata,Não,2021
884,2021.0,4.51,Quartzo,Não,2021
885,2021.0,7.77,Ametista,Não,2021
886,2020.0,8.54,Topázio,Não,2021
889,2019.0,7.93,Ametista,Não,2021
890,2018.0,6.06,Ágata,Não,2021
892,2019.0,7.41,Ametista,Não,2021
899,2019.0,8.09,Ametista,Sim,2021
900,2021.0,5.84,Ágata,Não,2021
902,2019.0,7.27,Ametista,Não,2021
903,2020.0,9.07,Topázio,Sim,2021
904,2020.0,7.14,Ametista,Não,2021
905,2021.0,6.13,Ágata,Não,2021
906,2017.0,8.63,Topázio,Sim,2021
907,2020.0,5.36,Quartzo,Não,2021
909,2019.0,6.08,Ágata,Não,2021
910,2016.0,6.77,Ágata,Não,2021
911,2019.0,6.24,Ágata,Não,2021
914,2021.0,5.06,Quartzo,Não,2021
916,2017.0,8.87,Topázio,Sim,2021
919,2020.0,6.52,Ágata,Não,2021
922,2019.0,7.48,Ametista,Não,2021
923,2020.0,5.91,Ágata,Não,2021
926,2018.0,7.22,Ametista,Não,2021
927,2020.0,7.25,Ametista,Não,2021
930,2019.0,8.36,Topázio,Sim,2021
931,2019.0,7.76,Ametista,Não,2021
932,2017.0,7.29,Ametista,Não,2021
937,2018.0,8.58,Topázio,Não,2021
938,2016.0,6.88,Ágata,Não,2021
939,2021.0,6.47,Ágata,Não,2021
940,2019.0,6.56,Ágata,Não,2021
944,2017.0,4.63,Quartzo,Não,2021
945,2021.0,7.75,Ametista,Não,2021
946,2021.0,7.54,Ametista,Não,2021
947,2021.0,7.31,Ametista,Não,2021
948,2018.0,6.91,Ametista,Não,2021
951,2020.0,7.23,Ametista,Não,2021
957,2019.0,7.44,Ametista,Não,2021
958,2018.0,7.49,Ametista,Não,2021
959,2021.0,8.06,Ametista,Sim,2021
961,2019.0,7.26,Ametista,Não,2021
963,2021.0,7.89,Ametista,Não,2021
964,2021.0,6.03,Ágata,Não,2021
965,2018.0,7.24,Ametista,Não,2021
969,2021.0,8.6,Topázio,Sim,2021
973,2019.0,5.93,Ágata,Não,2021
983,2018.0,8.3,Topázio,Sim,2021
984,2017.0,4.08,Quartzo,Não,2021
986,2018.0,6.43,Ágata,Não,2021
989,2020.0,5.21,Quartzo,Não,2021
991,2019.0,7.11,Ametista,Não,2021
993,2018.0,6.05,Ágata,Não,2021
994,2019.0,7.6,Ametista,Não,2021
995,2019.0,5.75,Ágata,Não,2021
996,2018.0,6.89,Ametista,Não,2021
997,2019.0,8.77,Topázio,Sim,2021
999,2018.0,6.86,Ágata,Não,2021
1001,2021.0,8.93,Topázio,Sim,2021
1002,2020.0,7.69,Ametista,Não,2021
1004,2020.0,7.51,Ametista,Não,2021
1007,2019.0,3.75,Quartzo,Não,2021
1009,2021.0,7.4,Ametista,Não,2021
1010,2019.0,7.45,Ametista,Não,2021
1014,2019.0,7.64,Ametista,Não,2021
1015,2018.0,8.48,Topázio,Sim,2021
1016,2019.0,4.95,Quartzo,Não,2021
1017,2018.0,7.84,Ametista,Sim,2021
1022,2020.0,7.22,Ametista,Não,2021
1023,2021.0,7.9,Ametista,Sim,2021
1026,2021.0,7.01,Ametista,Não,2021
1027,2016.0,5.67,Ágata,Não,2021
1028,2019.0,6.92,Ametista,Não,2021
1029,2019.0,8.78,Topázio,Sim,2021
1031,2020.0,8.86,Topázio,Sim,2021
1034,2019.0,7.68,Ametista,Sim,2021
1035,2020.0,7.72,Ametista,Sim,2021
1038,2021.0,6.62,Ágata,Não,2021
1044,2021.0,8.25,Topázio,Não,2021
1049,2021.0,7.46,Ametista,Não,2021
1050,2021.0,8.79,Topázio,Sim,2021
1051,2019.0,3.6,Quartzo,Não,2021
1055,2021.0,6.42,Ágata,Não,2021
1057,2021.0,7.49,Ametista,Sim,2021
1063,2021.0,4.9,Quartzo,Não,2021
1065,2021.0,8.0,Ametista,Não,2021
1066,2021.0,6.54,Ágata,Não,2021
1067,2018.0,8.54,Topázio,Sim,2021
1068,2021.0,7.5,Ametista,Não,2021
1070,2019.0,7.76,Ametista,Não,2021
1071,2021.0,7.19,Ametista,Não,2021
1072,2020.0,7.03,Ametista,Não,2021
1073,2021.0,6.91,Ametista,Não,2021
1075,2016.0,7.86,Ametista,Sim,2021
1078,2019.0,4.45,Quartzo,Não,2021
1084,2019.0,7.95,Ametista,Não,2021
1085,2019.0,6.23,Ágata,Não,2021
1087,2018.0,7.33,Ametista,Não,2021
1089,2019.0,5.65,Ágata,Não,2021
1090,2018.0,7.18,Ametista,Sim,2021
1093,2016.0,7.23,Ametista,Não,2021
1095,2019.0,9.29,Topázio,Sim,2021
1098,2021.0,8.31,Topázio,Não,2021
1099,2021.0,8.33,Topázio,Não,2021
1103,2016.0,4.0,Quartzo,Não,2021
1104,2021.0,6.89,Ametista,Não,2021
1105,2016.0,6.62,Ágata,Não,2021
1107,2021.0,8.22,Ametista,Não,2021
1110,2019.0,6.87,Ágata,Não,2021
1112,2018.0,7.24,Ametista,Não,2021
1117,2021.0,7.13,Ametista,Não,2021
1119,2019.0,7.38,Ametista,Não,2021
1122,2021.0,7.91,Ametista,Não,2021
1123,2019.0,7.63,Ametista,Não,2021
1124,2021.0,7.26,Ametista,Não,2021
1126,2021.0,5.05,Quartzo,Não,2021
1127,2018.0,7.55,Ametista,Não,2021
1128,2018.0,7.96,Ametista,Não,2021
1129,2019.0,7.26,Ametista,Não,2021
1130,2019.0,9.11,Topázio,Sim,2021
1131,2019.0,5.77,Ágata,Não,2021
1132,2019.0,7.58,Ametista,Não,2021
1136,2019.0,8.29,Topázio,Sim,2021
1139,2019.0,6.5,Ágata,Não,2021
1141,2019.0,6.97,Ametista,Não,2021
1149,2019.0,5.83,Ágata,Não,2021
1150,2018.0,7.32,Ametista,Não,2021
1151,2021.0,5.93,Ágata,Não,2021
1155,2021.0,9.05,Topázio,Sim,2021
1156,2019.0,6.73,Ágata,Não,2021
1159,2019.0,8.01,Ametista,Não,2021
1161,2018.0,6.46,Ágata,Não,2021
1165,2019.0,7.77,Ametista,Não,2021
1166,2017.0,3.98,Quartzo,Não,2021
1167,2019.0,6.29,Ágata,Não,2021
1168,2020.0,8.1,Ametista,Sim,2021
1170,2019.0,4.28,Quartzo,Não,2021
1171,2019.0,9.03,Topázio,Sim,2021
1174,2019.0,6.78,Ágata,Não,2021
1175,2020.0,5.92,Ágata,Não,2021
1176,2017.0,8.0,Ametista,Sim,2021
1181,2019.0,7.96,Ametista,Não,2021
1182,2021.0,7.01,Ametista,Não,2021
1190,2019.0,7.55,Ametista,Não,2021
1191,2017.0,4.62,Quartzo,Não,2021
1195,2020.0,8.32,Topázio,Não,2021
1197,2016.0,8.04,Ametista,Não,2021
1198,2020.0,4.81,Quartzo,Não,2021
1199,2021.0,7.03,Ametista,Não,2021
1204,2021.0,8.8,Topázio,Sim,2021
1205,2019.0,8.04,Ametista,Não,2021
1206,2021.0,8.87,Topázio,Sim,2021
1210,2021.0,8.25,Topázio,Não,2021
1211,2021.0,6.75,Ágata,Não,2021
1214,2021.0,7.5,Ametista,Sim,2021
1215,2019.0,7.4,Ametista,Não,2021
1217,2016.0,8.18,Ametista,Sim,2021
1219,2017.0,8.2,Ametista,Não,2021
1221,2021.0,8.62,Topázio,Sim,2021
1223,2019.0,6.78,Ágata,Não,2021
1226,2019.0,6.62,Ágata,Não,2021
1228,2019.0,3.6,Quartzo,Não,2021
1229,2018.0,5.59,Ágata,Não,2021
1230,2017.0,7.71,Ametista,Não,2021
1231,2017.0,4.13,Quartzo,Não,2021
1232,2019.0,2.72,Quartzo,Não,2021
1233,2017.0,7.42,Ametista,Não,2021
1237,2019.0,4.37,Quartzo,Não,2021
1239,2021.0,5.57,Ágata,Não,2021
1244,2019.0,7.39,Ametista,Não,2021
1248,2017.0,6.05,Ágata,Não,2021
1250,2019.0,6.34,Ágata,Não,2021
1251,2020.0,7.79,Ametista,Não,2021
1254,2018.0,7.38,Ametista,Não,2021
1256,2018.0,6.54,Ágata,Não,2021
1260,2020.0,6.16,Ágata,Não,2021
1264,2019.0,6.25,Ágata,Não,2021
1266,2018.0,4.82,Quartzo,Não,2021
1268,2021.0,6.98,Ametista,Não,2021
1275,2019.0,8.47,Topázio,Sim,2021
1278,2019.0,5.67,Ágata,Não,2021
1279,2021.0,4.73,Quartzo,Não,2021
1285,2020.0,8.41,Topázio,Sim,2021
1286,2021.0,8.02,Ametista,Não,2021
1287,2020.0,7.55,Ametista,Não,2021
1288,2016.0,6.79,Ágata,Não,2021
1289,2020.0,6.86,Ágata,Não,2021
1292,2019.0,8.61,Topázio,Não,2021
1296,2019.0,6.84,Ágata,Não,2021
1298,2019.0,7.52,Ametista,Não,2021
1299,2017.0,7.94,Ametista,Não,2021
1300,2021.0,7.3,Ametista,Não,2021
1302,2019.0,3.83,Quartzo,Não,2021
1307,2021.0,6.92,Ametista,Não,2021
1315,2016.0,5.08,Quartzo,Não,2021
1319,2019.0,7.57,Ametista,Não,2021
1323,2019.0,7.52,Ametista,Não,2021
1324,2018.0,7.19,Ametista,Não,2021
1330,2019.0,7.12,Ametista,Não,2021
1334,2021.0,8.82,Topázio,Sim,2021
1335,2021.0,4.83,Quartzo,Não,2021
1338,2019.0,6.51,Ágata,Não,2021
1343,2018.0,4.0,Quartzo,Não,2021
1344,2018.0,5.66,Ágata,Não,2021
1348,2018.0,7.42,Ametista,Não,2021
2,2022.0,7.68,Ametista,Não,2022
4,2022.0,7.12,Ametista,Não,2022
5,2019.0,7.23,Ametista,Não,2022
6,2022.0,7.74,Ametista,Não,2022
7,2022.0,7.41,Ametista,Não,2022
8,2017.0,7.29,Ametista,Não,2022
9,2022.0,5.67,Quartzo,Não,2022
11,2020.0,8.46,Topázio,Sim,2022
16,2022.0,7.0,Ágata,Não,2022
17,2018.0,6.72,Ágata,Não,2022
18,2017.0,5.85,Quartzo,Não,2022
19,2021.0,7.84,Ametista,Não,2022
20,2022.0,8.62,Topázio,Sim,2022
21,2022.0,5.65,Quartzo,Não,2022
22,2022.0,8.1,Topázio,Não,2022
23,2022.0,7.78,Ametista,Não,2022
24,2022.0,8.27,Topázio,Sim,2022
25,2022.0,7.95,Ametista,Não,2022
26,2022.0,7.74,Ametista,Não,2022
27,2022.0,6.35,Ágata,Não,2022
29,2021.0,4.94,Quartzo,Não,2022
30,2022.0,8.08,Topázio,Não,2022
31,2022.0,7.26,Ametista,Não,2022
32,2022.0,6.79,Ágata,Não,2022
34,2018.0,6.67,Ágata,Não,2022
36,2019.0,6.85,Ágata,Não,2022
37,2018.0,7.56,Ametista,Não,2022
38,2021.0,6.7,Ágata,Não,2022
42,2021.0,4.28,Quartzo,Não,2022
45,2022.0,6.73,Ágata,Não,2022
46,2020.0,7.4,Ametista,Não,2022
47,2021.0,7.65,Ametista,Não,2022
48,2022.0,3.91,Quartzo,Não,2022
49,2022.0,8.34,Topázio,Sim,2022
50,2022.0,4.97,Quartzo,Não,2022
51,2019.0,6.95,Ágata,Não,2022
56,2021.0,3.04,Quartzo,Não,2022
58,2022.0,7.31,Ametista,Não,2022
60,2016.0,5.78,Quartzo,Não,2022
61,2020.0,6.41,Ágata,Não,2022
63,2022.0,6.68,Ágata,Não,2022
64,2022.0,4.66,Quartzo,Não,2022
65,2021.0,7.99,Ametista,Sim,2022
66,2021.0,7.17,Ametista,Não,2022
67,2021.0,6.77,Ágata,Não,2022
69,2022.0,7.6,Ametista,Sim,2022
70,2022.0,8.21,Topázio,Sim,2022
72,2022.0,7.73,Ametista,Não,2022
73,2022.0,6.71,Ágata,Não,2022
74,2022.0,6.68,Ágata,Não,2022
75,2019.0,9.44,Topázio,Sim,2022
76,2020.0,8.31,Topázio,Não,2022
77,2021.0,7.9,Ametista,Não,2022
78,2017.0,7.6,Ametista,Não,2022
79,2022.0,7.11,Ametista,Não,2022
80,2022.0,6.58,Ágata,Não,2022
81,2019.0,7.47,Ametista,Sim,2022
83,2016.0,7.2,Ametista,Não,2022
84,2021.0,7.5,Ametista,Sim,2022
85,2019.0,7.74,Ametista,Sim,2022
87,2016.0,6.64,Ágata,Não,2022
88,2018.0,8.43,Topázio,Sim,2022
90,2019.0,5.2,Quartzo,Não,2022
91,2018.0,7.41,Ametista,Não,2022
92,2022.0,7.23,Ametista,Não,2022
97,2018.0,7.5,Ametista,Não,2022
98,2021.0,7.4,Ametista,Não,2022
99,2022.0,7.78,Ametista,Não,2022
100,2018.0,6.04,Ágata,Não,2022
101,2022.0,7.48,Ametista,Não,2022
102,2020.0,7.48,Ametista,Não,2022
103,2020.0,7.11,Ametista,Não,2022
104,2021.0,8.36,Topázio,Sim,2022
107,2022.0,6.01,Ágata,Não,2022
108,2022.0,7.64,Ametista,Não,2022
110,2022.0,7.43,Ametista,Não,2022
113,2019.0,6.41,Ágata,Não,2022
114,2022.0,7.48,Ametista,Não,2022
116,2022.0,7.91,Ametista,Não,2022
118,2019.0,8.33,Topázio,Sim,2022
119,2022.0,8.23,Topázio,Não,2022
121,2022.0,6.24,Ágata,Não,2022
122,2022.0,8.27,Topázio,Não,2022
123,2022.0,7.62,Ametista,Sim,2022
124,2021.0,7.21,Ametista,Não,2022
126,2021.0,7.22,Ametista,Não,2022
127,2021.0,6.87,Ágata,Não,2022
128,2019.0,7.0,Ágata,Não,2022
129,2021.0,7.2,Ametista,Não,2022
130,2022.0,8.26,Topázio,Não,2022
131,2022.0,7.42,Ametista,Não,2022
133,2019.0,7.29,Ametista,Não,2022
134,2022.0,7.09,Ametista,Não,2022
135,2019.0,5.26,Quartzo,Não,2022
138,2022.0,8.45,Topázio,Sim,2022
140,2022.0,6.95,Ágata,Não,2022
141,2022.0,7.34,Ametista,Não,2022
142,2022.0,8.08,Topázio,Sim,2022
143,2021.0,6.33,Ágata,Não,2022
144,2022.0,7.95,Ametista,Não,2022
148,2022.0,7.62,Ametista,Não,2022
150,2022.0,8.22,Topázio,Sim,2022
151,2019.0,8.23,Topázio,Não,2022
152,2019.0,7.62,Ametista,Não,2022
153,2017.0,9.11,Topázio,Sim,2022
154,2019.0,4.93,Quartzo,Não,2022
156,2018.0,7.54,Ametista,Não,2022
158,2018.0,5.62,Quartzo,Não,2022
159,2021.0,7.48,Ametista,Sim,2022
164,2019.0,6.84,Ágata,Não,2022
165,2019.0,8.18,Topázio,Sim,2022
166,2022.0,6.64,Ágata,Não,2022
167,2021.0,6.99,Ágata,Não,2022
168,2019.0,6.43,Ágata,Não,2022
169,2020.0,7.28,Ametista,Não,2022
170,2022.0,7.52,Ametista,Não,2022
171,2021.0,7.3,Ametista,Não,2022
172,2022.0,6.41,Ágata,Não,2022
175,2022.0,7.54,Ametista,Não,2022
176,2017.0,5.1,Quartzo,Não,2022
177,2021.0,8.28,Topázio,Não,2022
178,2022.0,7.21,Ametista,Não,2022
179,2022.0,7.68,Ametista,Não,2022
180,2022.0,6.04,Ágata,Não,2022
181,2022.0,7.91,Ametista,Não,2022
182,2022.0,7.09,Ametista,Não,2022
185,2021.0,7.62,Ametista,Não,2022
191,2022.0,6.71,Ágata,Não,2022
192,2022.0,6.72,Ágata,Não,2022
193,2016.0,7.17,Ametista,Não,2022
195,2022.0,6.75,Ágata,Não,2022
196,2022.0,7.25,Ametista,Não,2022
197,2019.0,8.35,Topázio,Sim,2022
200,2016.0,6.87,Ágata,Não,2022
201,2019.0,6.44,Ágata,Não,2022
203,2022.0,7.33,Ametista,Não,2022
204,2022.0,6.58,Ágata,Não,2022
205,2022.0,7.66,Ametista,Não,2022
207,2021.0,4.57,Quartzo,Não,2022
211,2022.0,7.86,Ametista,Não,2022
212,2019.0,6.34,Ágata,Não,2022
214,2022.0,6.42,Ágata,Não,2022
217,2019.0,8.49,Topázio,Sim,2022
218,2021.0,8.36,Topázio,Sim,2022
219,2019.0,5.81,Quartzo,Não,2022
220,2022.0,6.63,Ágata,Não,2022
221,2021.0,4.93,Quartzo,Não,2022
224,2022.0,6.61,Ágata,Não,2022
225,2016.0,6.96,Ágata,Não,2022
228,2022.0,5.31,Quartzo,Não,2022
229,2019.0,6.03,Ágata,Não,2022
232,2021.0,7.68,Ametista,Sim,2022
233,2022.0,7.56,Ametista,Não,2022
234,2022.0,8.12,Topázio,Não,2022
235,2019.0,6.92,Ágata,Não,2022
236,2022.0,8.21,Topázio,Não,2022
237,2022.0,6.62,Ágata,Não,2022
239,2022.0,6.31,Ágata,Não,2022
241,2017.0,4.56,Quartzo,Não,2022
242,2018.0,6.45,Ágata,Não,2022
244,2022.0,8.14,Topázio,Não,2022
245,2022.0,5.25,Quartzo,Não,2022
246,2019.0,6.74,Ágata,Não,2022
247,2021.0,6.3,Ágata,Não,2022
248,2022.0,7.66,Ametista,Não,2022
250,2022.0,8.36,Topázio,Não,2022
251,2019.0,8.01,Ametista,Sim,2022
252,2021.0,7.76,Ametista,Não,2022
253,2022.0,7.42,Ametista,Não,2022
254,2022.0,7.78,Ametista,Não,2022
255,2022.0,8.4,Topázio,Não,2022
256,2022.0,8.0,Ametista,Não,2022
257,2022.0,7.59,Ametista,Não,2022
258,2021.0,5.79,Quartzo,Não,2022
260,2021.0,7.56,Ametista,Não,2022
262,2017.0,7.05,Ametista,Não,2022
263,2016.0,6.59,Ágata,Não,2022
264,2022.0,7.04,Ametista,Não,2022
266,2019.0,7.83,Ametista,Sim,2022
267,2018.0,7.8,Ametista,Não,2022
268,2022.0,8.0,Ametista,Sim,2022
272,2022.0,7.73,Ametista,Não,2022
273,2018.0,6.68,Ágata,Não,2022
275,2017.0,6.07,Ágata,Não,2022
276,2022.0,7.7,Ametista,Não,2022
277,2018.0,7.31,Ametista,Não,2022
279,2022.0,5.8,Quartzo,Não,2022
281,2022.0,7.42,Ametista,Não,2022
282,2021.0,8.09,Topázio,Sim,2022
283,2021.0,7.98,Ametista,Sim,2022
288,2020.0,8.11,Topázio,Não,2022
289,2022.0,7.19,Ametista,Não,2022
290,2022.0,7.18,Ametista,Não,2022
291,2022.0,6.64,Ágata,Não,2022
292,2022.0,8.68,Topázio,Sim,2022
293,2019.0,3.85,Quartzo,Não,2022
294,2021.0,8.26,Topázio,Sim,2022
295,2017.0,7.72,Ametista,Não,2022
296,2020.0,6.82,Ágata,Não,2022
298,2022.0,5.54,Quartzo,Não,2022
301,2019.0,8.19,Topázio,Não,2022
302,2022.0,7.87,Ametista,Não,2022
304,2022.0,7.46,Ametista,Sim,2022
305,2018.0,6.92,Ágata,Não,2022
307,2022.0,6.1,Ágata,Não,2022
308,2022.0,8.2,Topázio,Sim,2022
311,2021.0,7.48,Ametista,Não,2022
312,2019.0,7.28,Ametista,Não,2022
313,2020.0,7.07,Ametista,Não,2022
314,2022.0,6.41,Ágata,Não,2022
316,2022.0,5.67,Quartzo,Não,2022
317,2022.0,7.41,Ametista,Sim,2022
320,2022.0,8.23,Topázio,Não,2022
322,2022.0,6.35,Ágata,Não,2022
323,2016.0,6.32,Ágata,Não,2022
325,2022.0,3.9,Quartzo,Não,2022
326,2022.0,8.15,Topázio,Sim,2022
327,2022.0,8.54,Topázio,Sim,2022
330,2022.0,7.96,Ametista,Não,2022
331,2021.0,8.62,Topázio,Não,2022
332,2019.0,8.75,Topázio,Não,2022
333,2022.0,7.52,Ametista,Não,2022
334,2022.0,6.25,Ágata,Não,2022
336,2020.0,7.17,Ametista,Não,2022
337,2016.0,7.12,Ametista,Sim,2022
340,2018.0,5.72,Quartzo,Não,2022
342,2016.0,7.02,Ágata,Sim,2022
345,2019.0,5.72,Quartzo,Não,2022
347,2022.0,7.39,Ametista,Não,2022
348,2019.0,6.59,Ágata,Não,2022
350,2022.0,8.48,Topázio,Sim,2022
351,2022.0,8.06,Topázio,Não,2022
352,2021.0,6.61,Ágata,Não,2022
356,2022.0,6.6,Ágata,Não,2022
357,2021.0,6.36,Ágata,Não,2022
358,2022.0,6.11,Ágata,Não,2022
359,2019.0,7.93,Ametista,Não,2022
360,2022.0,5.94,Quartzo,Não,2022
362,2022.0,7.99,Ametista,Não,2022
363,2021.0,7.42,Ametista,Não,2022
364,2019.0,6.31,Ágata,Não,2022
365,2017.0,5.95,Quartzo,Não,2022
366,2022.0,5.56,Quartzo,Não,2022
369,2022.0,6.49,Ágata,Não,2022
370,2019.0,7.69,Ametista,Sim,2022
373,2017.0,5.71,Quartzo,Não,2022
375,2016.0,8.16,Topázio,Sim,2022
377,2017.0,6.94,Ágata,Não,2022
378,2016.0,7.43,Ametista,Não,2022
381,2019.0,6.95,Ágata,Não,2022
386,2022.0,6.66,Ágata,Não,2022
387,2018.0,5.16,Quartzo,Não,2022
388,2018.0,6.45,Ágata,Não,2022
391,2022.0,8.06,Ametista,Sim,2022
392,2022.0,7.23,Ametista,Não,2022
394,2016.0,7.06,Ametista,Não,2022
395,2020.0,5.06,Quartzo,Não,2022
396,2019.0,6.24,Ágata,Não,2022
398,2022.0,6.93,Ágata,Não,2022
402,2022.0,7.1,Ametista,Não,2022
403,2021.0,5.6,Quartzo,Não,2022
404,2016.0,8.94,Topázio,Sim,2022
405,2021.0,7.01,Ágata,Não,2022
406,2018.0,7.81,Ametista,Não,2022
407,2018.0,8.92,Topázio,Sim,2022
409,2022.0,6.38,Ágata,Não,2022
410,2022.0,5.2,Quartzo,Não,2022
411,2022.0,7.41,Ametista,Não,2022
412,2022.0,7.74,Ametista,Não,2022
413,2022.0,6.83,Ágata,Não,2022
415,2022.0,6.32,Ágata,Não,2022
416,2018.0,7.02,Ágata,Não,2022
417,2022.0,7.48,Ametista,Não,2022
418,2022.0,6.71,Ágata,Não,2022
419,2022.0,7.05,Ametista,Não,2022
420,2022.0,8.2,Topázio,Sim,2022
421,2018.0,5.58,Quartzo,Não,2022
422,2021.0,7.63,Ametista,Não,2022
424,2017.0,6.78,Ágata,Não,2022
425,2019.0,6.48,Ágata,Não,2022
427,2022.0,8.57,Topázio,Não,2022
428,2022.0,7.59,Ametista,Não,2022
429,2022.0,6.85,Ágata,Não,2022
430,2022.0,7.05,Ametista,Não,2022
432,2020.0,4.95,Quartzo,Não,2022
433,2022.0,8.26,Topázio,Sim,2022
434,2022.0,7.89,Ametista,Sim,2022
436,2021.0,6.29,Ágata,Não,2022
437,2018.0,7.7,Ametista,Não,2022
438,2021.0,5.85,Quartzo,Não,2022
441,2019.0,6.8,Ágata,Não,2022
444,2021.0,7.28,Ametista,Não,2022
446,2022.0,7.68,Ametista,Não,2022
447,2019.0,7.3,Ametista,Não,2022
448,2019.0,7.48,Ametista,Sim,2022
449,2019.0,7.69,Ametista,Não,2022
450,2019.0,4.33,Quartzo,Não,2022
452,2021.0,7.0,Ágata,Não,2022
454,2022.0,7.64,Ametista,Sim,2022
455,2019.0,8.4,Topázio,Não,2022
456,2022.0,7.87,Ametista,Não,2022
461,2022.0,7.86,Ametista,Sim,2022
463,2017.0,7.67,Ametista,Não,2022
465,2021.0,7.85,Ametista,Sim,2022
469,2016.0,7.5,Ametista,Não,2022
470,2022.0,7.66,Ametista,Sim,2022
471,2022.0,7.04,Ametista,Não,2022
474,2019.0,6.64,Ágata,Não,2022
475,2022.0,4.27,Quartzo,Não,2022
477,2019.0,6.34,Ágata,Não,2022
479,2022.0,4.99,Quartzo,Não,2022
480,2022.0,6.33,Ágata,Não,2022
481,2022.0,7.5,Ametista,Não,2022
482,2016.0,8.47,Topázio,Sim,2022
483,2018.0,8.67,Topázio,Sim,2022
486,2019.0,4.5,Quartzo,Não,2022
489,2022.0,7.48,Ametista,Não,2022
490,2016.0,6.85,Ágata,Não,2022
491,2022.0,7.18,Ametista,Não,2022
493,2022.0,6.38,Ágata,Não,2022
496,2018.0,7.86,Ametista,Não,2022
497,2021.0,7.04,Ametista,Não,2022
498,2021.0,5.67,Quartzo,Não,2022
499,2017.0,7.88,Ametista,Sim,2022
501,2022.0,7.34,Ametista,Não,2022
502,2018.0,7.36,Ametista,Não,2022
503,2020.0,7.83,Ametista,Não,2022
504,2022.0,6.72,Ágata,Não,2022
505,2022.0,7.89,Ametista,Não,2022
507,2016.0,6.74,Ágata,Não,2022
508,2022.0,7.77,Ametista,Não,2022
510,2022.0,7.59,Ametista,Sim,2022
513,2020.0,8.22,Topázio,Sim,2022
514,2022.0,6.06,Ágata,Não,2022
516,2022.0,7.14,Ametista,Não,2022
519,2022.0,8.33,Topázio,Não,2022
520,2018.0,8.32,Topázio,Não,2022
521,2018.0,6.95,Ágata,Não,2022
522,2018.0,5.86,Quartzo,Não,2022
524,2020.0,8.26,Topázio,Sim,2022
525,2022.0,8.07,Topázio,Não,2022
527,2017.0,6.82,Ágata,Não,2022
528,2022.0,5.92,Quartzo,Não,2022
529,2021.0,7.76,Ametista,Não,2022
532,2022.0,6.34,Ágata,Não,2022
536,2021.0,6.64,Ágata,Não,2022
537,2021.0,6.1,Ágata,Não,2022
539,2022.0,6.81,Ágata,Não,2022
541,2019.0,6.72,Ágata,Não,2022
543,2022.0,8.14,Topázio,Não,2022
544,2019.0,6.53,Ágata,Não,2022
546,2018.0,4.79,Quartzo,Não,2022
548,2021.0,8.31,Topázio,Não,2022
551,2022.0,8.65,Topázio,Sim,2022
553,2022.0,7.09,Ametista,Não,2022
554,2022.0,7.84,Ametista,Não,2022
556,2022.0,6.98,Ágata,Não,2022
557,2018.0,5.68,Quartzo,Não,2022
558,2022.0,5.42,Quartzo,Não,2022
560,2019.0,5.26,Quartzo,Não,2022
561,2019.0,5.99,Quartzo,Não,2022
562,2019.0,7.95,Ametista,Não,2022
563,2021.0,7.04,Ametista,Não,2022
565,2021.0,7.59,Ametista,Não,2022
566,2021.0,7.61,Ametista,Não,2022
569,2020.0,8.23,Topázio,Não,2022
573,2022.0,7.51,Ametista,Sim,2022
574,2019.0,8.11,Topázio,Sim,2022
575,2022.0,7.03,Ágata,Não,2022
576,2022.0,6.98,Ágata,Não,2022
578,2021.0,7.44,Ametista,Não,2022
579,2017.0,7.56,Ametista,Não,2022
580,2022.0,7.59,Ametista,Não,2022
582,2022.0,7.28,Ametista,Não,2022
583,2019.0,5.49,Quartzo,Não,2022
585,2018.0,5.52,Quartzo,Não,2022
586,2020.0,7.45,Ametista,Não,2022
587,2022.0,6.43,Ágata,Não,2022
588,2019.0,7.3,Ametista,Não,2022
590,2022.0,7.74,Ametista,Não,2022
591,2022.0,8.15,Topázio,Não,2022
592,2022.0,3.7,Quartzo,Não,2022
593,2022.0,6.31,Ágata,Não,2022
594,2020.0,8.12,Topázio,Sim,2022
595,2021.0,7.71,Ametista,Não,2022
600,2022.0,6.74,Ágata,Não,2022
602,2019.0,4.97,Quartzo,Não,2022
603,2018.0,5.56,Quartzo,Não,2022
607,2022.0,6.32,Ágata,Não,2022
608,2017.0,6.58,Ágata,Não,2022
610,2021.0,5.54,Quartzo,Não,2022
612,2022.0,5.43,Quartzo,Não,2022
613,2018.0,6.66,Ágata,Não,2022
615,2019.0,8.34,Topázio,Sim,2022
617,2021.0,7.79,Ametista,Não,2022
621,2022.0,6.63,Ágata,Não,2022
622,2018.0,4.28,Quartzo,Não,2022
623,2022.0,7.45,Ametista,Não,2022
624,2019.0,3.74,Quartzo,Não,2022
628,2021.0,8.17,Topázio,Sim,2022
632,2021.0,5.82,Quartzo,Não,2022
633,2022.0,6.86,Ágata,Não,2022
634,2018.0,5.25,Quartzo,Não,2022
637,2022.0,6.92,Ágata,Não,2022
638,2019.0,4.31,Quartzo,Não,2022
641,2022.0,6.31,Ágata,Não,2022
642,2019.0,6.95,Ágata,Não,2022
643,2022.0,8.06,Topázio,Não,2022
644,2018.0,8.44,Topázio,Sim,2022
645,2020.0,4.74,Quartzo,Não,2022
647,2018.0,7.37,Ametista,Não,2022
649,2022.0,7.9,Ametista,Sim,2022
650,2022.0,6.92,Ágata,Não,2022
651,2022.0,5.23,Quartzo,Não,2022
652,2022.0,6.08,Ágata,Não,2022
654,2022.0,6.88,Ágata,Não,2022
656,2022.0,8.51,Topázio,Sim,2022
657,2019.0,8.62,Topázio,Sim,2022
658,2021.0,5.99,Quartzo,Não,2022
662,2022.0,8.1,Topázio,Não,2022
663,2018.0,5.38,Quartzo,Não,2022
664,2019.0,8.84,Topázio,Sim,2022
665,2022.0,7.54,Ametista,Não,2022
667,2022.0,6.1,Ágata,Não,2022
668,2020.0,6.66,Ágata,Não,2022
669,2022.0,6.03,Ágata,Não,2022
673,2022.0,7.79,Ametista,Não,2022
674,2022.0,6.55,Ágata,Não,2022
679,2022.0,7.28,Ametista,Não,2022
681,2018.0,6.67,Ágata,Não,2022
686,2018.0,6.85,Ágata,Não,2022
687,2021.0,6.33,Ágata,Não,2022
689,2017.0,8.02,Ametista,Não,2022
690,2021.0,7.4,Ametista,Não,2022
692,2022.0,7.19,Ametista,Sim,2022
693,2020.0,7.43,Ametista,Não,2022
694,2021.0,7.43,Ametista,Sim,2022
695,2020.0,7.62,Ametista,Não,2022
697,2022.0,4.1,Quartzo,Não,2022
700,2019.0,6.1,Ágata,Não,2022
701,2022.0,6.33,Ágata,Não,2022
703,2019.0,6.82,Ágata,Não,2022
705,2022.0,6.47,Ágata,Não,2022
706,2019.0,6.71,Ágata,Não,2022
707,2019.0,5.94,Quartzo,Não,2022
708,2019.0,5.89,Quartzo,Não,2022
709,2021.0,7.51,Ametista,Não,2022
710,2018.0,8.12,Topázio,Sim,2022
711,2022.0,5.56,Quartzo,Não,2022
715,2022.0,7.0,Ágata,Não,2022
721,2019.0,4.56,Quartzo,Não,2022
722,2021.0,8.34,Topázio,Não,2022
723,2022.0,4.44,Quartzo,Não,2022
727,2022.0,5.7,Quartzo,Não,2022
728,2022.0,7.62,Ametista,Não,2022
729,2021.0,7.24,Ametista,Não,2022
732,2018.0,7.37,Ametista,Não,2022
734,2022.0,7.3,Ametista,Não,2022
735,2022.0,6.82,Ágata,Não,2022
737,2019.0,7.38,Ametista,Não,2022
738,2018.0,7.01,Ágata,Não,2022
739,2016.0,7.97,Ametista,Sim,2022
741,2021.0,7.54,Ametista,Sim,2022
742,2021.0,7.41,Ametista,Não,2022
743,2020.0,7.38,Ametista,Não,2022
746,2018.0,8.51,Topázio,Sim,2022
747,2019.0,7.59,Ametista,Não,2022
751,2022.0,7.59,Ametista,Não,2022
752,2022.0,7.22,Ametista,Não,2022
753,2019.0,5.06,Quartzo,Não,2022
754,2022.0,6.6,Ágata,Não,2022
755,2017.0,7.47,Ametista,Não,2022
757,2017.0,6.2,Ágata,Não,2022
759,2022.0,8.0,Ametista,Não,2022
760,2020.0,7.06,Ametista,Não,2022
761,2022.0,7.23,Ametista,Não,2022
762,2022.0,6.62,Ágata,Não,2022
763,2021.0,8.01,Ametista,Não,2022
764,2022.0,6.9,Ágata,Não,2022
765,2022.0,8.49,Topázio,Sim,2022
766,2020.0,4.95,Quartzo,Não,2022
768,2017.0,7.08,Ametista,Não,2022
770,2021.0,8.46,Topázio,Sim,2022
771,2022.0,6.52,Ágata,Não,2022
772,2022.0,7.23,Ametista,Não,2022
773,2016.0,8.66,Topázio,Sim,2022
774,2022.0,8.64,Topázio,Sim,2022
778,2022.0,6.82,Ágata,Não,2022
781,2020.0,6.24,Ágata,Não,2022
783,2020.0,6.54,Ágata,Não,2022
784,2021.0,8.22,Topázio,Não,2022
787,2022.0,6.67,Ágata,Não,2022
788,2022.0,6.05,Ágata,Não,2022
790,2019.0,8.4,Topázio,Não,2022
791,2022.0,8.0,Ametista,Não,2022
792,2017.0,5.55,Quartzo,Não,2022
794,2017.0,7.3,Ametista,Não,2022
796,2018.0,6.26,Ágata,Não,2022
798,2021.0,6.49,Ágata,Não,2022
799,2022.0,7.9,Ametista,Sim,2022
800,2022.0,7.86,Ametista,Não,2022
801,2022.0,6.95,Ágata,Não,2022
802,2021.0,8.29,Topázio,Não,2022
804,2022.0,7.37,Ametista,Não,2022
805,2021.0,6.61,Ágata,Não,2022
806,2022.0,7.41,Ametista,Não,2022
807,2019.0,8.81,Topázio,Sim,2022
808,2022.0,6.64,Ágata,Não,2022
810,2022.0,5.93,Quartzo,Não,2022
811,2018.0,6.97,Ágata,Não,2022
812,2021.0,7.68,Ametista,Não,2022
814,2019.0,6.32,Ágata,Não,2022
815,2022.0,6.58,Ágata,Não,2022
816,2022.0,7.56,Ametista,Não,2022
817,2019.0,7.28,Ametista,Não,2022
818,2021.0,7.83,Ametista,Não,2022
819,2022.0,6.9,Ágata,Não,2022
820,2017.0,7.3,Ametista,Não,2022
822,2021.0,8.23,Topázio,Não,2022
823,2018.0,7.91,Ametista,Não,2022
824,2019.0,5.91,Quartzo,Não,2022
825,2018.0,5.71,Quartzo,Não,2022
828,2016.0,6.26,Ágata,Não,2022
829,2017.0,7.12,Ametista,Não,2022
830,2017.0,8.14,Topázio,Não,2022
831,2019.0,6.45,Ágata,Não,2022
832,2022.0,8.62,Topázio,Sim,2022
834,2021.0,6.61,Ágata,Não,2022
835,2016.0,5.66,Quartzo,Não,2022
836,2022.0,6.89,Ágata,Não,2022
839,2022.0,8.08,Topázio,Não,2022
840,2019.0,7.15,Ametista,Não,2022
841,2022.0,6.84,Ágata,Não,2022
843,2021.0,5.78,Quartzo,Não,2022
844,2022.0,7.31,Ametista,Não,2022
847,2022.0,7.86,Ametista,Não,2022
848,2019.0,6.03,Ágata,Não,2022
850,2016.0,7.39,Ametista,Não,2022
851,2019.0,8.04,Ametista,Não,2022
852,2022.0,7.35,Ametista,Não,2022
853,2022.0,7.93,Ametista,Sim,2022
854,2022.0,7.4,Ametista,Não,2022
855,2020.0,6.36,Ágata,Não,2022
856,2022.0,7.64,Ametista,Não,2022
857,2022.0,7.78,Ametista,Não,2022
858,2019.0,6.69,Ágata,Não,2022
859,2022.0,7.73,Ametista,Não,2022
861,2020.0,6.96,Ágata,Não,2022
862,2019.0,7.79,Ametista,Sim,2022
863,2022.0,8.68,Topázio,Não,2022
864,2022.0,7.68,Ametista,Não,2022
865,2021.0,6.25,Ágata,Não,2022
866,2019.0,8.42,Topázio,Sim,2022
868,2021.0,7.57,Ametista,Não,2022
869,2022.0,6.73,Ágata,Não,2022
870,2022.0,8.43,Topázio,Sim,2022
872,2017.0,5.53,Quartzo,Não,2022
876,2022.0,7.41,Ametista,Não,2022
877,2019.0,6.06,Ágata,Não,2022
879,2022.0,6.63,Ágata,Não,2022
881,2022.0,8.06,Ametista,Não,2022
882,2022.0,7.58,Ametista,Não,2022
883,2022.0,7.79,Ametista,Não,2022
884,2021.0,5.54,Quartzo,Não,2022
885,2021.0,8.02,Ametista,Não,2022
886,2020.0,8.09,Topázio,Não,2022
887,2022.0,5.85,Quartzo,Não,2022
889,2019.0,7.83,Ametista,Não,2022
891,2022.0,8.03,Ametista,Não,2022
893,2022.0,5.61,Quartzo,Não,2022
895,2022.0,7.94,Ametista,Não,2022
896,2022.0,7.2,Ametista,Não,2022
900,2021.0,7.08,Ametista,Não,2022
901,2022.0,6.07,Ágata,Não,2022
902,2019.0,7.52,Ametista,Não,2022
903,2020.0,8.18,Topázio,Não,2022
905,2021.0,7.66,Ametista,Sim,2022
909,2019.0,6.65,Ágata,Não,2022
910,2016.0,5.32,Quartzo,Não,2022
911,2019.0,5.55,Quartzo,Não,2022
913,2022.0,7.03,Ágata,Não,2022
914,2021.0,6.94,Ágata,Não,2022
915,2022.0,6.6,Ágata,Não,2022
916,2017.0,9.35,Topázio,Sim,2022
918,2022.0,7.62,Ametista,Não,2022
919,2020.0,4.83,Quartzo,Não,2022
920,2018.0,7.04,Ametista,Não,2022
921,2022.0,4.93,Quartzo,Não,2022
922,2019.0,7.19,Ametista,Não,2022
923,2020.0,7.68,Ametista,Não,2022
924,2022.0,7.41,Ametista,Não,2022
925,2022.0,7.82,Ametista,Não,2022
926,2018.0,5.15,Quartzo,Não,2022
927,2020.0,6.65,Ágata,Não,2022
930,2019.0,8.97,Topázio,Sim,2022
931,2019.0,6.39,Ágata,Não,2022
932,2017.0,5.2,Quartzo,Não,2022
933,2022.0,5.68,Quartzo,Não,2022
934,2022.0,7.67,Ametista,Não,2022
936,2022.0,6.98,Ágata,Não,2022
937,2018.0,6.93,Ágata,Não,2022
939,2021.0,6.75,Ágata,Não,2022
941,2022.0,6.33,Ágata,Não,2022
944,2017.0,4.18,Quartzo,Não,2022
945,2021.0,8.51,Topázio,Sim,2022
946,2021.0,7.41,Ametista,Não,2022
947,2021.0,5.84,Quartzo,Não,2022
948,2018.0,6.29,Ágata,Não,2022
949,2022.0,7.84,Ametista,Não,2022
952,2022.0,7.97,Ametista,Não,2022
954,2022.0,7.1,Ametista,Não,2022
955,2022.0,8.11,Topázio,Não,2022
957,2019.0,7.36,Ametista,Sim,2022
958,2018.0,6.68,Ágata,Não,2022
959,2021.0,8.09,Topázio,Não,2022
960,2022.0,6.67,Ágata,Não,2022
961,2019.0,7.46,Ametista,Não,2022
963,2021.0,7.28,Ametista,Não,2022
964,2021.0,7.72,Ametista,Não,2022
967,2021.0,6.99,Ágata,Não,2022
969,2021.0,8.72,Topázio,Sim,2022
971,2022.0,7.48,Ametista,Não,2022
974,2022.0,6.98,Ágata,Não,2022
975,2022.0,8.18,Topázio,Sim,2022
976,2022.0,6.8,Ágata,Não,2022
978,2022.0,7.2,Ametista,Não,2022
979,2022.0,4.37,Quartzo,Não,2022
980,2022.0,7.58,Ametista,Não,2022
981,2022.0,6.85,Ágata,Não,2022
982,2022.0,6.97,Ágata,Não,2022
983,2018.0,7.74,Ametista,Não,2022
984,2017.0,5.59,Quartzo,Não,2022
985,2022.0,6.13,Ágata,Não,2022
988,2022.0,7.39,Ametista,Não,2022
989,2020.0,6.9,Ágata,Não,2022
990,2022.0,6.75,Ágata,Não,2022
991,2019.0,6.93,Ágata,Não,2022
993,2018.0,6.85,Ágata,Não,2022
994,2019.0,7.44,Ametista,Não,2022
995,2019.0,7.22,Ametista,Não,2022
996,2018.0,7.07,Ametista,Não,2022
997,2019.0,7.96,Ametista,Sim,2022
998,2022.0,7.74,Ametista,Não,2022
1000,2022.0,6.69,Ágata,Não,2022
1001,2021.0,7.38,Ametista,Não,2022
1002,2020.0,7.56,Ametista,Não,2022
1004,2020.0,8.18,Topázio,Não,2022
1005,2022.0,7.05,Ametista,Não,2022
1008,2022.0,7.26,Ametista,Não,2022
1009,2021.0,7.44,Ametista,Não,2022
1010,2019.0,7.26,Ametista,Não,2022
1011,2022.0,7.79,Ametista,Não,2022
1014,2019.0,7.3,Ametista,Não,2022
1015,2018.0,8.67,Topázio,Sim,2022
1017,2018.0,7.96,Ametista,Não,2022
1022,2020.0,7.53,Ametista,Não,2022
1023,2021.0,6.83,Ágata,Não,2022
1025,2022.0,8.09,Topázio,Não,2022
1026,2021.0,5.67,Quartzo,Não,2022
1028,2019.0,6.94,Ágata,Não,2022
1029,2019.0,7.93,Ametista,Não,2022
1030,2022.0,6.87,Ágata,Não,2022
1031,2020.0,7.95,Ametista,Não,2022
1033,2022.0,8.24,Topázio,Não,2022
1034,2019.0,7.5,Ametista,Não,2022
1037,2022.0,8.12,Topázio,Não,2022
1038,2021.0,7.53,Ametista,Não,2022
1039,2022.0,7.63,Ametista,Não,2022
1040,2022.0,7.27,Ametista,Não,2022
1042,2022.0,6.89,Ágata,Não,2022
1044,2021.0,7.28,Ametista,Não,2022
1045,2022.0,7.9,Ametista,Não,2022
1048,2022.0,7.04,Ametista,Não,2022
1049,2021.0,7.11,Ametista,Não,2022
1050,2021.0,7.79,Ametista,Não,2022
1051,2019.0,6.76,Ágata,Não,2022
1052,2022.0,8.11,Topázio,Não,2022
1053,2022.0,7.89,Ametista,Não,2022
1054,2022.0,7.78,Ametista,Não,2022
1055,2021.0,7.46,Ametista,Não,2022
1057,2021.0,6.43,Ágata,Não,2022
1058,2022.0,7.76,Ametista,Não,2022
1059,2022.0,4.84,Quartzo,Não,2022
1060,2022.0,7.21,Ametista,Não,2022
1062,2022.0,6.24,Ágata,Não,2022
1063,2021.0,5.55,Quartzo,Não,2022
1065,2021.0,7.51,Ametista,Não,2022
1066,2021.0,7.21,Ametista,Não,2022
1067,2018.0,7.68,Ametista,Não,2022
1068,2021.0,4.29,Quartzo,Não,2022
1069,2022.0,6.86,Ágata,Não,2022
1070,2019.0,5.95,Quartzo,Não,2022
1071,2021.0,5.75,Quartzo,Não,2022
1072,2020.0,5.37,Quartzo,Não,2022
1073,2021.0,5.33,Quartzo,Não,2022
1074,2022.0,6.58,Ágata,Não,2022
1075,2016.0,7.57,Ametista,Sim,2022
1076,2022.0,6.12,Ágata,Não,2022
1078,2019.0,6.51,Ágata,Não,2022
1080,2022.0,5.41,Quartzo,Não,2022
1082,2022.0,6.96,Ágata,Não,2022
1084,2019.0,6.46,Ágata,Não,2022
1085,2019.0,6.16,Ágata,Não,2022
1090,2018.0,5.18,Quartzo,Não,2022
1091,2022.0,5.52,Quartzo,Não,2022
1093,2016.0,6.9,Ágata,Não,2022
1095,2019.0,8.9,Topázio,Não,2022
1097,2017.0,8.15,Topázio,Não,2022
1098,2021.0,7.91,Ametista,Não,2022
1099,2021.0,7.3,Ametista,Não,2022
1101,2022.0,6.44,Ágata,Não,2022
1102,2022.0,4.24,Quartzo,Não,2022
1103,2016.0,6.01,Ágata,Não,2022
1104,2021.0,7.13,Ametista,Não,2022
1105,2016.0,6.79,Ágata,Não,2022
1106,2022.0,6.56,Ágata,Não,2022
1107,2021.0,5.31,Quartzo,Não,2022
1108,2022.0,7.49,Ametista,Não,2022
1109,2022.0,7.2,Ametista,Não,2022
1110,2019.0,6.61,Ágata,Não,2022
1111,2022.0,7.87,Ametista,Não,2022
1113,2022.0,7.54,Ametista,Não,2022
1116,2022.0,7.58,Ametista,Sim,2022
1117,2021.0,6.73,Ágata,Não,2022
1118,2022.0,7.1,Ametista,Não,2022
1120,2022.0,8.06,Topázio,Não,2022
1121,2022.0,7.48,Ametista,Não,2022
1122,2021.0,8.71,Topázio,Sim,2022
1123,2019.0,7.82,Ametista,Sim,2022
1124,2021.0,7.5,Ametista,Sim,2022
1125,2022.0,6.31,Ágata,Não,2022
1126,2021.0,4.79,Quartzo,Não,2022
1127,2018.0,7.63,Ametista,Não,2022
1128,2018.0,8.28,Topázio,Sim,2022
1130,2019.0,8.82,Topázio,Não,2022
1135,2022.0,7.37,Ametista,Não,2022
1136,2019.0,7.37,Ametista,Não,2022
1138,2022.0,8.28,Topázio,Não,2022
1141,2019.0,5.6,Quartzo,Não,2022
1144,2022.0,6.92,Ágata,Não,2022
1150,2018.0,7.18,Ametista,Não,2022
1151,2021.0,6.8,Ágata,Não,2022
1152,2022.0,8.14,Topázio,Não,2022
1153,2022.0,6.05,Ágata,Não,2022
1154,2022.0,7.22,Ametista,Não,2022
1155,2021.0,7.97,Ametista,Não,2022
1156,2019.0,5.56,Quartzo,Não,2022
1159,2019.0,7.88,Ametista,Sim,2022
1161,2018.0,6.78,Ágata,Não,2022
1162,2022.0,7.3,Ametista,Não,2022
1163,2022.0,6.94,Ágata,Não,2022
1165,2019.0,6.93,Ágata,Não,2022
1167,2019.0,7.18,Ametista,Não,2022
1168,2020.0,7.18,Ametista,Não,2022
1169,2022.0,7.5,Ametista,Não,2022
1170,2019.0,6.28,Ágata,Não,2022
1171,2019.0,8.64,Topázio,Sim,2022
1174,2019.0,4.95,Quartzo,Não,2022
1176,2017.0,8.52,Topázio,Sim,2022
1177,2022.0,7.06,Ametista,Não,2022
1179,2022.0,6.65,Ágata,Não,2022
1180,2022.0,6.14,Ágata,Não,2022
1181,2019.0,7.46,Ametista,Não,2022
1182,2021.0,7.89,Ametista,Não,2022
1184,2022.0,7.48,Ametista,Não,2022
1185,2022.0,7.46,Ametista,Não,2022
1186,2022.0,4.73,Quartzo,Não,2022
1190,2019.0,6.93,Ágata,Não,2022
1191,2017.0,8.18,Topázio,Não,2022
1192,2022.0,6.73,Ágata,Não,2022
1194,2022.0,7.68,Ametista,Não,2022
1195,2020.0,8.65,Topázio,Sim,2022
1199,2021.0,7.65,Ametista,Não,2022
1202,2022.0,7.45,Ametista,Não,2022
1203,2022.0,8.15,Topázio,Não,2022
1204,2021.0,7.75,Ametista,Não,2022
1206,2021.0,8.07,Topázio,Não,2022
1207,2022.0,7.94,Ametista,Não,2022
1208,2022.0,8.26,Topázio,Sim,2022
1209,2022.0,7.33,Ametista,Não,2022
1210,2021.0,7.25,Ametista,Não,2022
1211,2021.0,6.58,Ágata,Não,2022
1213,2022.0,7.34,Ametista,Não,2022
1214,2021.0,7.69,Ametista,Não,2022
1215,2019.0,7.91,Ametista,Não,2022
1217,2016.0,7.84,Ametista,Sim,2022
1219,2017.0,8.01,Ametista,Sim,2022
1220,2022.0,5.27,Quartzo,Não,2022
1221,2021.0,8.05,Ametista,Não,2022
1223,2019.0,6.81,Ágata,Não,2022
1224,2022.0,6.78,Ágata,Não,2022
1226,2019.0,6.62,Ágata,Não,2022
1227,2022.0,6.3,Ágata,Não,2022
1230,2017.0,8.06,Topázio,Não,2022
1231,2017.0,5.85,Quartzo,Não,2022
1233,2017.0,6.03,Ágata,Não,2022
1235,2022.0,7.71,Ametista,Não,2022
1236,2022.0,6.86,Ágata,Não,2022
1237,2019.0,5.32,Quartzo,Não,2022
1239,2021.0,7.75,Ametista,Não,2022
1243,2022.0,7.5,Ametista,Não,2022
1244,2019.0,7.59,Ametista,Não,2022
1245,2022.0,5.67,Quartzo,Não,2022
1246,2022.0,8.06,Topázio,Não,2022
1247,2022.0,3.63,Quartzo,Não,2022
1248,2017.0,3.03,Quartzo,Não,2022
1250,2019.0,6.08,Ágata,Não,2022
1251,2020.0,8.25,Topázio,Não,2022
1255,2022.0,6.76,Ágata,Não,2022
1258,2022.0,7.64,Ametista,Não,2022
1260,2020.0,7.13,Ametista,Não,2022
1263,2022.0,6.72,Ágata,Não,2022
1264,2019.0,6.96,Ágata,Não,2022
1267,2022.0,7.59,Ametista,Não,2022
1268,2021.0,6.02,Ágata,Não,2022
1269,2022.0,8.12,Topázio,Não,2022
1271,2022.0,7.43,Ametista,Não,2022
1272,2022.0,7.52,Ametista,Não,2022
1273,2022.0,8.38,Topázio,Não,2022
1275,2019.0,7.83,Ametista,Não,2022
1276,2022.0,5.86,Quartzo,Não,2022
1278,2019.0,6.79,Ágata,Não,2022
1279,2021.0,7.32,Ametista,Não,2022
1280,2022.0,7.74,Ametista,Não,2022
1283,2022.0,7.66,Ametista,Não,2022
1285,2020.0,7.45,Ametista,Não,2022
1286,2021.0,7.0,Ágata,Não,2022
1287,2020.0,6.51,Ágata,Não,2022
1289,2020.0,7.13,Ametista,Não,2022
1292,2019.0,8.74,Topázio,Sim,2022
1295,2022.0,6.93,Ágata,Não,2022
1298,2019.0,6.71,Ágata,Não,2022
1300,2021.0,7.83,Ametista,Não,2022
1304,2022.0,7.14,Ametista,Não,2022
1305,2022.0,5.31,Quartzo,Não,2022
1306,2022.0,5.89,Quartzo,Não,2022
1307,2021.0,5.66,Quartzo,Não,2022
1311,2022.0,6.79,Ágata,Não,2022
1312,2022.0,4.87,Quartzo,Não,2022
1314,2022.0,4.87,Quartzo,Não,2022
1317,2022.0,6.86,Ágata,Não,2022
1319,2019.0,7.28,Ametista,Não,2022
1320,2022.0,5.71,Quartzo,Não,2022
1321,2022.0,6.66,Ágata,Não,2022
1322,2022.0,4.99,Quartzo,Não,2022
1323,2019.0,6.71,Ágata,Não,2022
1324,2018.0,5.45,Quartzo,Não,2022
1327,2022.0,6.63,Ágata,Não,2022
1329,2022.0,6.09,Ágata,Não,2022
1330,2019.0,5.89,Quartzo,Não,2022
1331,2021.0,7.41,Ametista,Não,2022
1333,2022.0,8.18,Topázio,Sim,2022
1334,2021.0,8.97,Topázio,Sim,2022
1335,2021.0,6.74,Ágata,Não,2022
1337,2022.0,6.15,Ágata,Não,2022
1338,2019.0,7.08,Ametista,Não,2022
1340,2022.0,5.03,Quartzo,Não,2022
1342,2022.0,8.15,Topázio,Não,2022
1343,2018.0,5.67,Quartzo,Não,2022
1346,2022.0,8.14,Topázio,Sim,2022
1348,2018.0,6.75,Ágata,Não,2022
1349,2022.0,6.4,Ágata,Não,2022
